code,name,thshy
688256,寒武纪,半导体
002371,北方华创,半导体
688981,中芯国际,半导体
688041,海光信息,半导体
603501,韦尔股份,半导体
688012,中微公司,半导体
688008,澜起科技,半导体
600584,长电科技,半导体
603986,兆易创新,半导体
688396,华润微,半导体
002049,紫光国微,半导体
688126,沪硅产业,半导体
603893,瑞芯微,半导体
002156,通富微电,半导体
600460,士兰微,半导体
688082,盛美上海,半导体
600745,闻泰科技,半导体
300782,卓胜微,半导体
002185,华天科技,半导体
688608,恒玄科技,半导体
688047,龙芯中科,半导体
300661,圣邦股份,半导体
603160,汇顶科技,半导体
688099,晶晨股份,半导体
300223,北京君正,半导体
600171,上海贝岭,半导体
688521,芯原股份,半导体
688249,晶合集成,半导体
688120,华海清科,半导体
688213,思特威,半导体
300623,捷捷微电,半导体
300373,扬杰科技,半导体
688018,乐鑫科技,半导体
688072,拓荆科技,半导体
688469,芯联集成,半导体
603290,斯达半导,半导体
300604,长川科技,半导体
688385,复旦微电,半导体
300458,全志科技,半导体
688361,中科飞测,半导体
688525,佰维存储,半导体
688728,格科微,半导体
688347,华虹公司,半导体
002409,雅克科技,半导体
603005,晶方科技,半导体
688037,芯源微,半导体
688702,盛科通信,半导体
605358,立昂微,半导体
600877,电科芯片,半导体
300666,江丰电子,半导体
605111,新洁能,半导体
300672,国科微,半导体
300077,国民技术,半导体
688234,天岳先进,半导体
688200,华峰测控,半导体
600206,有研新材,半导体
300613,富瀚微,半导体
688536,思瑞浦,半导体
688107,安路科技,半导体
688582,芯动联科,半导体
688052,纳芯微,半导体
688220,翱捷科技,半导体
688172,燕东微,半导体
688110,东芯股份,半导体
688766,普冉股份,半导体
688484,南芯科技,半导体
300456,赛微电子,半导体
301308,江波龙,半导体
603690,至纯科技,半导体
688123,聚辰股份,半导体
688798,艾为电子,半导体
688362,甬矽电子,半导体
688409,富创精密,半导体
300046,台基股份,半导体
688279,峰岹科技,半导体
002077,大港股份,半导体
300327,中颖电子,半导体
300053,航宇微,半导体
688498,源杰科技,半导体
688141,杰华特,半导体
300671,富满微,半导体
688368,晶丰明源,半导体
001309,德明利,半导体
688262,国芯科技,半导体
430139,华岭股份,半导体
688138,清溢光电,半导体
688593,新相微,半导体
002119,康强电子,半导体
301297,富乐德,半导体
688508,芯朋微,半导体
688432,有研硅,半导体
688332,中科蓝讯,半导体
688601,力芯微,半导体
688209,英集芯,半导体
688403,汇成股份,半导体
688270,臻镭科技,半导体
688591,泰凌微,半导体
688652,京仪装备,半导体
688515,裕太微,半导体
688049,炬芯科技,半导体
688595,芯海科技,半导体
688380,中微半导,半导体
688372,伟测科技,半导体
688352,颀中科技,半导体
688252,天德钰,半导体
600360,ST华微,半导体
688486,龙迅股份,半导体
603068,博通集成,半导体
688661,和林微纳,半导体
688699,明微电子,半导体
688233,神工股份,半导体
688653,康希通信,半导体
688048,长光华芯,半导体
688535,华海诚科,半导体
688153,唯捷创芯,半导体
688711,宏微科技,半导体
688381,帝奥微,半导体
688135,利扬芯片,半导体
688261,东微半导,半导体
301348,蓝箭电子,半导体
688286,敏芯股份,半导体
688589,力合微,半导体
301611,珂玛科技,半导体
301536,星宸科技,半导体
003026,中晶科技,半导体
300831,派瑞股份,半导体
688401,路维光电,半导体
603061,金海通,半导体
688478,晶升股份,半导体
688512,慧智微,半导体
688259,创耀科技,半导体
688605,先锋精科,半导体
300706,阿石创,半导体
688689,银河微电,半导体
688173,希荻微,半导体
688147,微导纳米,半导体
688458,美芯晟,半导体
688449,联芸科技,半导体
002213,大为股份,半导体
688709,成都华微,半导体
688620,安凯微,半导体
688216,气派科技,半导体
688720,艾森股份,半导体
688691,灿芯股份,半导体
003043,华亚智能,半导体
688416,恒烁股份,半导体
688325,赛微微电,半导体
688391,钜泉科技,半导体
835179,凯德石英,半导体
688721,龙图光罩,半导体
688693,锴威特,半导体
688230,芯导科技,半导体
301369,联动科技,半导体
688061,灿瑞科技,半导体
688045,必易微,半导体
688584,上海合晶,半导体
688130,晶华微,半导体
603375,盛景微,半导体
688419,耐科装备,半导体
688530,欧莱新材,半导体
600519,贵州茅台,白酒
000858,五粮液,白酒
600809,山西汾酒,白酒
000568,泸州老窖,白酒
002304,洋河股份,白酒
000596,古井贡酒,白酒
603369,今世缘,白酒
603198,迎驾贡酒,白酒
600779,水井坊,白酒
603589,口子窖,白酒
600702,舍得酒业,白酒
600559,老白干酒,白酒
000799,酒鬼酒,白酒
000860,顺鑫农业,白酒
603919,金徽酒,白酒
600199,金种子酒,白酒
600197,伊力特,白酒
002646,天佑德酒,白酒
600696,岩石股份,白酒
000995,皇台酒业,白酒
000333,美的集团,白色家电
000651,格力电器,白色家电
600690,海尔智家,白色家电
002050,三花智控,白色家电
000921,海信家电,白色家电
002402,和而泰,白色家电
002668,TCL智家,白色家电
002011,盾安环境,白色家电
600619,海立股份,白色家电
000016,深康佳A,白色家电
600983,惠而浦,白色家电
000521,长虹美菱,白色家电
300342,天银机电,白色家电
300217,东方电热,白色家电
600336,澳柯玛,白色家电
603112,华翔股份,白色家电
000404,长虹华意,白色家电
002676,顺威股份,白色家电
300403,汉宇集团,白色家电
300160,秀强股份,白色家电
002290,禾盛新材,白色家电
603519,立霸股份,白色家电
601956,东贝集团,白色家电
002860,星帅尔,白色家电
603726,朗迪集团,白色家电
300279,和晶科技,白色家电
002418,康盛股份,白色家电
603677,奇精机械,白色家电
603311,金海高科,白色家电
603657,春光科技,白色家电
603578,三星新材,白色家电
002420,毅昌科技,白色家电
003028,振邦智能,白色家电
301008,宏昌科技,白色家电
603150,万朗磁塑,白色家电
301135,瑞德智能,白色家电
301280,珠城科技,白色家电
836699,海达尔,白色家电
603075,热威股份,白色家电
001268,联合精密,白色家电
001387,雪祺电气,白色家电
831768,拾比佰,白色家电
430718,合肥高科,白色家电
601628,中国人寿,保险
601318,中国平安,保险
601319,中国人保,保险
601601,中国太保,保险
601336,新华保险,保险
000627,天茂集团,保险
002701,奥瑞金,包装印刷
002831,裕同科技,包装印刷
600210,紫江企业,包装印刷
300260,新莱应材,包装印刷
601515,东峰集团,包装印刷
002014,永新股份,包装印刷
002117,东港股份,包装印刷
002752,昇兴股份,包装印刷
002191,劲嘉股份,包装印刷
002229,鸿博股份,包装印刷
603499,翔港科技,包装印刷
601968,宝钢包装,包装印刷
603687,大胜达,包装印刷
603058,永吉股份,包装印刷
002228,合兴包装,包装印刷
000659,珠海中富,包装印刷
000812,陕西金叶,包装印刷
301062,上海艾录,包装印刷
603429,集友股份,包装印刷
002565,顺灏股份,包装印刷
002599,盛通股份,包装印刷
603607,京华激光,包装印刷
002374,中锐股份,包装印刷
002969,嘉美包装,包装印刷
301296,新巨丰,包装印刷
002303,美盈森,包装印刷
600076,康欣新材,包装印刷
002951,*ST金时,包装印刷
002735,王子新材,包装印刷
002799,环球印务,包装印刷
002846,英联股份,包装印刷
002787,华源控股,包装印刷
301198,喜悦智行,包装印刷
301223,中荣股份,包装印刷
300883,龙利得,包装印刷
002836,新宏泽,包装印刷
300501,海顺新材,包装印刷
001279,强邦新材,包装印刷
603022,新通联,包装印刷
301355,南王科技,包装印刷
003018,金富科技,包装印刷
003003,天元股份,包装印刷
870204,沪江材料,包装印刷
838163,方大新材,包装印刷
833075,柏星龙,包装印刷
872392,佳合科技,包装印刷
837174,宏裕包材,包装印刷
002508,老板电器,厨卫电器
603366,日出东方,厨卫电器
002543,万和电气,厨卫电器
002035,华帝股份,厨卫电器
603551,奥普科技,厨卫电器
002677,浙江美大,厨卫电器
300894,火星人,厨卫电器
300911,亿田智能,厨卫电器
605336,帅丰电器,厨卫电器
300750,宁德时代,电池
300014,亿纬锂能,电池
300207,欣旺达,电池
002074,国轩高科,电池
603659,璞泰来,电池
002340,格林美,电池
300919,中伟股份,电池
300450,先导智能,电池
002709,天赐材料,电池
688819,天能股份,电池
002812,恩捷股份,电池
000009,中国宝安,电池
835185,贝特瑞,电池
300073,当升科技,电池
300037,新宙邦,电池
688778,厦钨新能,电池
002850,科达利,电池
688772,珠海冠宇,电池
301358,湖南裕能,电池
688567,孚能科技,电池
300068,南都电源,电池
688116,天奈科技,电池
600884,杉杉股份,电池
300457,赢合科技,电池
300568,星源材质,电池
002245,蔚蓝锂芯,电池
300438,鹏辉能源,电池
688006,杭可科技,电池
001301,尚太科技,电池
688779,五矿新能,电池
688063,派能科技,电池
688005,容百科技,电池
601311,骆驼股份,电池
300769,德方纳米,电池
000049,德赛电池,电池
300035,中科电气,电池
300409,道氏技术,电池
002324,普利特,电池
603026,石大胜华,电池
600110,诺德股份,电池
600478,科力远,电池
300128,锦富技术,电池
688388,嘉元科技,电池
301487,盟固利,电池
002125,湘潭电化,电池
603906,龙蟠科技,电池
603031,安孚科技,电池
688707,振华新材,电池
300953,震裕科技,电池
688155,先惠技术,电池
832522,纳科诺尔,电池
301511,德福科技,电池
002733,雄韬股份,电池
002759,天际股份,电池
300173,福能东方,电池
688275,万润新能,电池
002580,圣阳股份,电池
688733,壹石通,电池
688499,利元亨,电池
688339,亿华通,电池
605378,野马电池,电池
301238,瑞泰新材,电池
002805,丰元股份,电池
001283,豪鹏科技,电池
301325,曼恩斯特,电池
600152,维科技术,电池
300490,华自科技,电池
300890,翔丰华,电池
603032,德新科技,电池
688392,骄成超声,电池
300619,金银河,电池
300530,领湃科技,电池
301327,华宝新能,电池
301217,铜冠铜箔,电池
688148,芳源股份,电池
300648,星云股份,电池
301152,天力锂能,电池
000695,滨海能源,电池
603959,ST百利,电池
301150,中一科技,电池
600241,时代万恒,电池
300410,正业科技,电池
301121,紫建电子,电池
688345,博力威,电池
300340,科恒股份,电池
830809,安达科技,电池
833523,德瑞锂电,电池
688353,华盛锂电,电池
835237,力佳科技,电池
836239,长虹能源,电池
688184,帕瓦股份,电池
301349,信德新材,电池
600847,万里股份,电池
301292,海科新源,电池
301210,金杨股份,电池
831627,力王股份,电池
873152,天宏锂电,电池
688573,信宇人,电池
301222,浙江恒威,电池
301587,中瑞股份,电池
688638,誉辰智能,电池
830779,武汉蓝电,电池
600580,卧龙电驱,电机
603728,鸣志电器,电机
003021,兆威机电,电机
600416,湘电股份,电机
002176,江特电机,电机
300660,江苏雷利,电机
002249,大洋电机,电机
000922,佳电股份,电机
002892,科力尔,电机
603988,中电电机,电机
603489,八方股份,电机
002823,凯中精密,电机
002801,微光股份,电机
002576,通达动力,电机
603819,神力股份,电机
002196,方正电机,电机
300907,康平科技,电机
603320,迪贝电气,电机
300626,华瑞股份,电机
301023,江南奕帆,电机
603344,星德胜,电机
301226,祥明智能,电机
603350,安乃达,电机
301502,华阳智能,电机
600900,长江电力,电力
601985,中国核电,电力
600025,华能水电,电力
003816,中国广核,电力
600905,三峡能源,电力
600886,国投电力,电力
600674,川投能源,电力
600795,国电电力,电力
600023,浙能电力,电力
600011,华能国际,电力
600236,桂冠电力,电力
600027,华电国际,电力
600642,申能股份,电力
600157,永泰能源,电力
601991,大唐发电,电力
000883,湖北能源,电力
000027,深圳能源,电力
002608,江苏国信,电力
600863,内蒙华电,电力
600483,福能股份,电力
600021,上海电力,电力
600578,京能电力,电力
600098,广州发展,电力
000537,中绿电,电力
601016,节能风电,电力
000155,川能动力,电力
600032,浙江新能,电力
000543,皖能电力,电力
000591,太阳能,电力
600575,淮河能源,电力
600956,新天绿能,电力
600452,涪陵电力,电力
002617,露笑科技,电力
000875,吉电股份,电力
601222,林洋能源,电力
600116,三峡水利,电力
600167,联美控股,电力
000966,长源电力,电力
002015,协鑫能科,电力
000539,粤电力A,电力
600163,中闽能源,电力
600995,南网储能,电力
600821,金开新能,电力
002053,云南能投,电力
601778,晶科科技,电力
000690,宝新能源,电力
001286,陕西能源,电力
000791,甘肃能源,电力
003035,南网能源,电力
600509,天富能源,电力
603693,江苏新能,电力
000899,赣能股份,电力
605011,杭州热电,电力
600475,华光环能,电力
601619,嘉泽新能,电力
600226,亨通股份,电力
601908,京运通,电力
688248,南网科技,电力
000767,晋控电力,电力
600310,广西能源,电力
600780,通宝能源,电力
002039,黔源电力,电力
600744,华银电力,电力
000600,建投能源,电力
600979,广安爱众,电力
001896,豫能控股,电力
000531,穗恒运A,电力
600101,明星电力,电力
002218,拓日新能,电力
600868,梅雁吉祥,电力
603105,芯能科技,电力
600982,宁波能源,电力
000722,湖南发展,电力
000601,韶能股份,电力
600505,西昌电力,电力
600396,华电辽能,电力
002479,富春环保,电力
002480,新筑股份,电力
600052,东望时代,电力
001258,立新能源,电力
000993,闽东电力,电力
002256,兆新股份,电力
300040,九洲集团,电力
600644,乐山电力,电力
000862,银星能源,电力
001376,百通能源,电力
300317,珈伟新能,电力
600719,大连热电,电力
605580,恒盛能源,电力
605162,新中港,电力
605028,世茂能源,电力
000037,深南电A,电力
600969,郴电国际,电力
002616,长青集团,电力
001289,龙源电力,电力
002893,京能热力,电力
300335,迪森股份,电力
000692,惠天热电,电力
600149,廊坊发展,电力
001210,金房能源,电力
000040,ST旭蓝,电力
600406,国电南瑞,电网设备
601877,正泰电器,电网设备
002028,思源电气,电网设备
601567,三星医疗,电网设备
601179,中国西电,电网设备
603606,东方电缆,电网设备
600885,宏发股份,电网设备
000400,许继电气,电网设备
600312,平高电气,电网设备
300001,特锐德,电网设备
688676,金盘科技,电网设备
603556,海兴电力,电网设备
600577,精达股份,电网设备
600550,保变电气,电网设备
000682,东方电子,电网设备
601126,四方股份,电网设备
002270,华明装备,电网设备
002498,汉缆股份,电网设备
600869,远东股份,电网设备
603530,神马电力,电网设备
002276,万马股份,电网设备
300360,炬华科技,电网设备
600973,宝胜股份,电网设备
002706,良信股份,电网设备
601096,宏盛华源,电网设备
600268,国电南自,电网设备
300222,科大智能,电网设备
600525,长园集团,电网设备
002533,金杯电工,电网设备
605222,起帆电缆,电网设备
002121,科陆电子,电网设备
605196,华通线缆,电网设备
301291,明阳电气,电网设备
603050,科林电气,电网设备
603016,新宏泰,电网设备
600468,百利电气,电网设备
601700,风范股份,电网设备
603897,长城科技,电网设备
002169,智光电气,电网设备
300880,迦南智能,电网设备
002358,森源电气,电网设备
603861,白云电器,电网设备
300882,万胜智能,电网设备
300444,双杰电气,电网设备
300617,安靠智电,电网设备
000720,新能泰山,电网设备
002882,金龙羽,电网设备
300265,通光线缆,电网设备
002346,柘中股份,电网设备
688226,威腾电气,电网设备
002606,大连电瓷,电网设备
002300,太阳电缆,电网设备
601616,广电电气,电网设备
603618,杭电股份,电网设备
300933,中辰股份,电网设备
002452,长高电新,电网设备
300286,安科瑞,电网设备
688330,宏力达,电网设备
000533,顺钠股份,电网设备
600067,冠城新材,电网设备
002298,中电兴发,电网设备
688611,杭州柯林,电网设备
002471,中超控股,电网设备
002350,北京科锐,电网设备
002090,金智科技,电网设备
300510,金冠股份,电网设备
002546,新联电子,电网设备
002339,积成电子,电网设备
603333,尚纬股份,电网设备
605066,天正电气,电网设备
002560,通达股份,电网设备
600379,宝光股份,电网设备
688663,新风光,电网设备
002441,众业达,电网设备
002927,泰永长征,电网设备
300427,红相股份,电网设备
301012,扬电科技,电网设备
002112,三变科技,电网设备
002692,远程股份,电网设备
002953,日丰股份,电网设备
002451,摩恩电气,电网设备
300141,和顺电气,电网设备
603577,汇金通,电网设备
300477,合纵科技,电网设备
688191,智洋创新,电网设备
300018,中元股份,电网设备
300407,凯发电气,电网设备
600192,长城电工,电网设备
301439,泓淋电力,电网设备
001208,华菱线缆,电网设备
300932,三友联众,电网设备
688597,煜邦电力,电网设备
300514,友讯达,电网设备
300062,中能电气,电网设备
300423,昇辉科技,电网设备
603829,洛凯股份,电网设备
002168,ST惠程,电网设备
002879,长缆科技,电网设备
002309,*ST中利,电网设备
688616,西力科技,电网设备
002980,华盛昌,电网设备
688517,金冠电气,电网设备
300283,温州宏丰,电网设备
301179,泽宇智能,电网设备
002857,三晖电气,电网设备
301120,新特电气,电网设备
300069,金利华电,电网设备
300670,大烨智能,电网设备
301082,久盛电气,电网设备
834682,球冠电缆,电网设备
603312,西典新能,电网设备
688681,科汇股份,电网设备
603070,万控智造,电网设备
834062,科润智控,电网设备
603097,江苏华辰,电网设备
301386,未来电器,电网设备
301361,众智科技,电网设备
831396,许昌智能,电网设备
831175,派诺科技,电网设备
920111,聚星科技,电网设备
430556,雅达股份,电网设备
688450,光格科技,电网设备
837046,亿能电力,电网设备
835508,殷图网联,电网设备
834639,晨光电缆,电网设备
301388,欣灵电气,电网设备
301295,美硕科技,电网设备
301359,东南电子,电网设备
870299,灿能电力,电网设备
000617,中油资本,多元金融
600061,国投资本,多元金融
000987,越秀资本,多元金融
000958,电投产融,多元金融
600705,中航产融,多元金融
600517,国网英大,多元金融
002423,中粮资本,多元金融
600901,江苏金租,多元金融
600390,五矿资本,多元金融
000415,渤海租赁,多元金融
600927,永安期货,多元金融
600816,建元信托,多元金融
000563,陕国投A,多元金融
600120,浙江东方,多元金融
000567,海德股份,多元金融
300773,拉卡拉,多元金融
603300,海南华铁,多元金融
600783,鲁信创投,多元金融
600643,爱建集团,多元金融
603093,南华期货,多元金融
002961,瑞达期货,多元金融
600053,九鼎投资,多元金融
603123,翠微股份,多元金融
600830,香溢融通,多元金融
000532,华金资本,多元金融
600318,新力金融,多元金融
002647,仁东控股,多元金融
001236,弘业期货,多元金融
002316,ST亚联,多元金融
300346,南大光电,电子化学品
300054,鼎龙股份,电子化学品
688019,安集科技,电子化学品
300285,国瓷材料,电子化学品
002643,万润股份,电子化学品
300236,上海新阳,电子化学品
300655,晶瑞电材,电子化学品
600330,天通股份,电子化学品
300398,飞凯材料,电子化学品
300576,容大感光,电子化学品
688106,金宏气体,电子化学品
603078,江化微,电子化学品
688548,广钢气体,电子化学品
002741,光华科技,电子化学品
603002,宏昌电子,电子化学品
600666,奥瑞德,电子化学品
688268,华特气体,电子化学品
688550,瑞联新材,电子化学品
688549,中巨芯,电子化学品
300429,强力新材,电子化学品
603931,格林达,电子化学品
300684,中石科技,电子化学品
300481,濮阳惠成,电子化学品
688146,中船特气,电子化学品
688150,莱特光电,电子化学品
688359,三孚新科,电子化学品
838402,硅烷科技,电子化学品
688035,德邦科技,电子化学品
002584,西陇科学,电子化学品
688683,莱尔科技,电子化学品
603115,海星股份,电子化学品
300537,广信材料,电子化学品
688020,方邦股份,电子化学品
688603,天承科技,电子化学品
301489,思泉新材,电子化学品
688371,菲沃泰,电子化学品
688602,康鹏科技,电子化学品
831526,凯华材料,电子化学品
301319,唯特偶,电子化学品
600048,保利发展,房地产
001979,招商蛇口,房地产
000002,万科A,房地产
600895,张江高科,房地产
600606,绿地控股,房地产
600663,陆家嘴,房地产
601155,新城控股,房地产
600208,衢州发展,房地产
600848,上海临港,房地产
600007,中国国贸,房地产
002244,滨江集团,房地产
600383,金地集团,房地产
000069,华侨城A,房地产
600675,中华企业,房地产
600325,华发股份,房地产
600641,万业企业,房地产
000029,深深房A,房地产
600064,南京高科,房地产
600246,万通发展,房地产
000031,大悦城,房地产
600657,信达地产,房地产
601512,中新集团,房地产
600603,ST广物,房地产
600649,城投控股,房地产
001914,招商积余,房地产
600648,外高桥,房地产
600340,华夏幸福,房地产
600266,城建发展,房地产
600773,西藏城投,房地产
000402,金融街,房地产
000006,深振业A,房地产
600639,浦东金桥,房地产
600724,宁波富达,房地产
000620,新华联,房地产
000656,*ST金科,房地产
600708,光明地产,房地产
300917,特发服务,房地产
600094,大名城,房地产
000886,海南高速,房地产
000090,天健集团,房地产
600736,苏州高新,房地产
000560,我爱我家,房地产
600376,首开股份,房地产
600604,市北高新,房地产
600748,上实发展,房地产
002146,荣盛发展,房地产
600162,香江控股,房地产
000036,华联控股,房地产
000736,中交地产,房地产
002208,合肥城建,房地产
000517,荣安地产,房地产
000718,苏宁环球,房地产
600846,同济科技,房地产
002285,世联行,房地产
002016,世荣兆业,房地产
600743,华远地产,房地产
601588,北辰实业,房地产
600622,光大嘉宝,房地产
600658,电子城,房地产
600510,黑牡丹,房地产
000011,深物业A,房地产
000863,三湘印象,房地产
000797,中国武夷,房地产
600503,华丽家族,房地产
000926,福星股份,房地产
000897,津滨发展,房地产
600716,凤凰股份,房地产
002305,南国置业,房地产
000514,渝开发,房地产
600638,新黄浦,房地产
000965,天保基建,房地产
002314,南山控股,房地产
000042,中洲控股,房地产
600463,空港股份,房地产
600322,津投城开,房地产
000838,财信发展,房地产
600683,京投发展,房地产
600684,珠江股份,房地产
600173,卧龙地产,房地产
600665,天地源,房地产
000014,沙河股份,房地产
600533,栖霞建设,房地产
600854,春兰股份,房地产
000909,ST数源,房地产
600692,亚通股份,房地产
002133,广宇集团,房地产
600159,大龙地产,房地产
002968,新大正,房地产
600791,京能置业,房地产
000573,粤宏远A,房地产
600082,海泰发展,房地产
000608,阳光股份,房地产
603506,南都物业,房地产
002188,中天服务,房地产
000668,荣丰控股,房地产
000609,*ST中迪,房地产
002202,金风科技,风电设备
601615,明阳智能,风电设备
600072,中船科技,风电设备
002531,天顺风能,风电设备
002487,大金重工,风电设备
603218,日月股份,风电设备
600458,时代新材,风电设备
688660,电气风电,风电设备
300185,通裕重工,风电设备
300772,运达股份,风电设备
603063,禾望电气,风电设备
301155,海力风电,风电设备
688349,三一重能,风电设备
603985,恒润股份,风电设备
300569,天能重工,风电设备
300443,金雷股份,风电设备
300850,新强联,风电设备
300129,泰胜风能,风电设备
603507,振江股份,风电设备
601218,吉鑫科技,风电设备
300690,双一科技,风电设备
000809,*ST和展,风电设备
301456,盘古智能,风电设备
300904,威力传动,风电设备
301232,飞沃科技,风电设备
301040,中环海陆,风电设备
301163,宏德股份,风电设备
603688,石英股份,非金属材料
603826,坤彩科技,非金属材料
688300,联瑞新材,非金属材料
301071,力量钻石,非金属材料
603612,索通发展,非金属材料
605086,龙高股份,非金属材料
002813,路畅科技,非金属材料
838971,天马新材,非金属材料
688267,中触媒,非金属材料
001359,平安电工,非金属材料
301373,凌玮科技,非金属材料
830832,齐鲁华信,非金属材料
836675,秉扬科技,非金属材料
832175,东方碳素,非金属材料
600177,雅戈尔,服装家纺
600398,海澜之家,服装家纺
600612,老凤祥,服装家纺
002867,周大生,服装家纺
002563,森马服饰,服装家纺
600916,中国黄金,服装家纺
601718,际华集团,服装家纺
605599,菜百股份,服装家纺
002832,比音勒芬,服装家纺
002721,ST金一,服装家纺
603877,太平鸟,服装家纺
002293,罗莱生活,服装家纺
300005,探路者,服装家纺
603587,地素时尚,服装家纺
600400,红豆股份,服装家纺
002154,报喜鸟,服装家纺
603511,爱慕股份,服装家纺
002269,美邦服饰,服装家纺
601566,九牧王,服装家纺
002345,潮宏基,服装家纺
002029,七匹狼,服装家纺
603958,哈森股份,服装家纺
002327,富安娜,服装家纺
002612,朗姿股份,服装家纺
600630,龙头股份,服装家纺
603365,水星家纺,服装家纺
603558,健盛集团,服装家纺
600439,瑞贝卡,服装家纺
000026,飞亚达,服装家纺
300918,南山智尚,服装家纺
003016,欣贺股份,服装家纺
003041,真爱美家,服装家纺
603518,锦泓集团,服装家纺
300840,酷特智能,服装家纺
603116,红蜻蜓,服装家纺
603196,日播时尚,服装家纺
605138,盛泰集团,服装家纺
002404,嘉欣丝绸,服装家纺
603001,奥康国际,服装家纺
300901,中胤时尚,服装家纺
300945,曼卡龙,服装家纺
603808,歌力思,服装家纺
002574,明牌珠宝,服装家纺
002875,安奈儿,服装家纺
603665,康隆达,服装家纺
603839,安正时尚,服装家纺
002731,萃华珠宝,服装家纺
605003,众望布艺,服装家纺
603908,牧高笛,服装家纺
002763,汇洁股份,服装家纺
002486,嘉麟杰,服装家纺
600735,新华锦,服装家纺
603900,莱绅通灵,服装家纺
002687,乔治白,服装家纺
000017,深中华A,服装家纺
600107,美尔雅,服装家纺
002780,三夫户外,服装家纺
603608,*ST天创,服装家纺
002397,梦洁股份,服装家纺
002634,棒杰股份,服装家纺
002193,如意集团,服装家纺
300591,万里马,服装家纺
002569,ST步森,服装家纺
600137,浪莎股份,服装家纺
603557,ST起步,服装家纺
002762,金发拉比,服装家纺
300952,恒辉安防,服装家纺
002494,华斯股份,服装家纺
301177,迪阿股份,服装家纺
301088,戎美股份,服装家纺
002656,ST摩登,服装家纺
301276,嘉曼服饰,服装家纺
001209,洪兴股份,服装家纺
603307,扬州金泉,服装家纺
838262,太湖雪,服装家纺
001234,泰慕士,服装家纺
300979,华利集团,纺织制造
002003,伟星股份,纺织制造
603055,台华新材,纺织制造
601339,百隆东方,纺织制造
002042,华孚时尚,纺织制造
600987,航民股份,纺织制造
603889,新澳股份,纺织制造
002083,孚日股份,纺织制造
601599,浙文影业,纺织制造
000850,华茂股份,纺织制造
600527,江南高纤,纺织制造
000726,鲁泰A,纺织制造
300577,开润股份,纺织制造
002098,浔兴股份,纺织制造
002674,兴业科技,纺织制造
301066,万事利,纺织制造
002394,联发股份,纺织制造
000955,欣龙控股,纺织制造
605055,迎丰股份,纺织制造
605180,华生科技,纺织制造
600156,华升股份,纺织制造
605189,富春染织,纺织制造
300819,聚杰微纤,纺织制造
300877,金春股份,纺织制造
600448,华纺股份,纺织制造
002144,宏达高科,纺织制造
600493,凤竹纺织,纺织制造
603130,云中马,纺织制造
603073,彩蝶实业,纺织制造
873527,夜光明,纺织制造
600031,三一重工,工程机械
601100,恒立液压,工程机械
000425,徐工机械,工程机械
000157,中联重科,工程机械
603338,浙江鼎力,工程机械
603298,杭叉集团,工程机械
000528,柳工,工程机械
600761,安徽合力,工程机械
603638,艾迪精密,工程机械
000680,山推股份,工程机械
002097,山河智能,工程机械
002685,华东重机,工程机械
688425,铁建重工,工程机械
605305,中际联合,工程机械
600815,厦工股份,工程机械
834599,同力股份,工程机械
600984,建设机械,工程机械
605389,长龄液压,工程机械
835174,五新隧装,工程机械
603194,中力股份,工程机械
001239,永达股份,工程机械
301161,唯万密封,工程机械
301079,邵阳液压,工程机械
830839,万通液压,工程机械
603273,天元智能,工程机械
871245,威博液压,工程机械
301446,福事特,工程机械
301279,金道科技,工程机械
603280,南方路机,工程机械
836942,恒立钻具,工程机械
001226,拓山重工,工程机械
920002,万达轴承,工程机械
873706,铁拓机械,工程机械
601012,隆基绿能,光伏设备
300274,阳光电源,光伏设备
600438,通威股份,光伏设备
605117,德业股份,光伏设备
002459,晶澳科技,光伏设备
688599,天合光能,光伏设备
300316,晶盛机电,光伏设备
603806,福斯特,光伏设备
601865,福莱特,光伏设备
002129,TCL中环,光伏设备
688223,晶科能源,光伏设备
002056,横店东磁,光伏设备
300751,迈为股份,光伏设备
300763,锦浪科技,光伏设备
300724,捷佳伟创,光伏设备
003022,联泓新科,光伏设备
600732,爱旭股份,光伏设备
688472,阿特斯,光伏设备
002506,协鑫集成,光伏设备
688032,禾迈股份,光伏设备
688408,中信博,光伏设备
688303,大全能源,光伏设备
688516,奥特维,光伏设备
600151,航天机电,光伏设备
300827,上能电气,光伏设备
603185,弘元绿能,光伏设备
300118,东方日升,光伏设备
002865,钧达股份,光伏设备
300776,帝尔激光,光伏设备
600481,双良节能,光伏设备
688390,固德威,光伏设备
603398,沐邦高科,光伏设备
002079,苏州固锝,光伏设备
300080,易成新能,光伏设备
688503,聚和材料,光伏设备
000821,京山轻机,光伏设备
835368,连城数控,光伏设备
688556,高测股份,光伏设备
300393,中来股份,光伏设备
300842,帝科股份,光伏设备
600207,安彩高科,光伏设备
603212,赛伍技术,光伏设备
688598,金博股份,光伏设备
688348,昱能科技,光伏设备
600876,凯盛新能,光伏设备
603396,金辰股份,光伏设备
600537,亿晶光电,光伏设备
603628,清源股份,光伏设备
688033,天宜上佳,光伏设备
002623,亚玛顿,光伏设备
300093,金刚光伏,光伏设备
000159,国际实业,光伏设备
688680,海优新材,光伏设备
688560,明冠新材,光伏设备
300345,华民股份,光伏设备
300051,琏升科技,光伏设备
001269,欧晶科技,光伏设备
688429,时创能源,光伏设备
603778,国晟科技,光伏设备
300125,ST聆达,光伏设备
688726,拉普拉斯,光伏设备
301266,宇邦新材,光伏设备
688717,艾罗能源,光伏设备
301168,通灵股份,光伏设备
835985,海泰新能,光伏设备
834770,艾能聚,光伏设备
839167,同享科技,光伏设备
301278,快可电子,光伏设备
603381,永臻股份,光伏设备
836414,欧普泰,光伏设备
600547,山东黄金,贵金属
600489,中金黄金,贵金属
000975,山金国际,贵金属
600988,赤峰黄金,贵金属
002155,湖南黄金,贵金属
002237,恒邦股份,贵金属
601028,玉龙股份,贵金属
601069,西部黄金,贵金属
002716,湖南白银,贵金属
001337,四川黄金,贵金属
000506,*ST中润,贵金属
300139,晓程科技,贵金属
601766,中国中车,轨交设备
688009,中国通号,轨交设备
600528,中铁工业,轨交设备
688187,时代电气,轨交设备
000008,神州高铁,轨交设备
603680,今创集团,轨交设备
301048,金鹰重工,轨交设备
603111,康尼机电,轨交设备
000925,众合科技,轨交设备
300351,永贵电器,轨交设备
600495,晋西车轴,轨交设备
688569,铁科轨道,轨交设备
688015,交控科技,轨交设备
300011,鼎汉技术,轨交设备
688285,高铁电气,轨交设备
603500,祥和实业,轨交设备
605001,威奥股份,轨交设备
300960,通业科技,轨交设备
605298,必得科技,轨交设备
300906,日月明,轨交设备
688459,哈铁科技,轨交设备
300594,朗进科技,轨交设备
300923,研奥股份,轨交设备
002972,科安达,轨交设备
001324,长青科技,轨交设备
688367,工大高科,轨交设备
300851,交大思诺,轨交设备
872541,铁大科技,轨交设备
301016,雷尔伟,轨交设备
601919,中远海控,港口航运
600018,上港集团,港口航运
601018,宁波港,港口航运
601872,招商轮船,港口航运
601298,青岛港,港口航运
600026,中远海能,港口航运
001872,招商港口,港口航运
601880,辽港股份,港口航运
601000,唐山港,港口航运
601866,中远海发,港口航运
601228,广州港,港口航运
603565,中谷物流,港口航运
601326,秦港股份,港口航运
600428,中远海特,港口航运
601975,招商南油,港口航运
002320,海峡股份,港口航运
600717,天津港,港口航运
000582,北部湾港,港口航运
000088,盐田港,港口航运
600179,安通控股,港口航运
600017,日照港,港口航运
600751,海航科技,港口航运
600279,重庆港,港口航运
000905,厦门港务,港口航运
601008,连云港,港口航运
000520,凤凰航运,港口航运
000507,珠海港,港口航运
603167,渤海轮渡,港口航运
600798,宁波海运,港口航运
002040,南京港,港口航运
603209,兴通股份,港口航运
600190,ST锦港,港口航运
001205,盛航股份,港口航运
603162,海通发展,港口航运
601022,宁波远洋,港口航运
601083,锦江航运,港口航运
833171,国航远洋,港口航运
601816,京沪高铁,公路铁路运输
601006,大秦铁路,公路铁路运输
001965,招商公路,公路铁路运输
600377,宁沪高速,公路铁路运输
600350,山东高速,公路铁路运输
600012,皖通高速,公路铁路运输
601333,广深铁路,公路铁路运输
001213,中铁特货,公路铁路运输
600548,深高速,公路铁路运输
000429,粤高速A,公路铁路运输
600269,赣粤高速,公路铁路运输
000828,东莞控股,公路铁路运输
601107,四川成渝,公路铁路运输
600611,大众交通,公路铁路运输
600033,福建高速,公路铁路运输
600020,中原高速,公路铁路运输
600125,铁龙物流,公路铁路运输
600368,五洲交通,公路铁路运输
000557,西部创业,公路铁路运输
600106,重庆路桥,公路铁路运输
000755,山西高速,公路铁路运输
600035,楚天高速,公路铁路运输
000900,现代投资,公路铁路运输
603069,海汽集团,公路铁路运输
600650,锦江在线,公路铁路运输
601518,吉林高速,公路铁路运输
601188,龙江交通,公路铁路运输
600834,申通地铁,公路铁路运输
000548,湖南投资,公路铁路运输
002357,富临运业,公路铁路运输
600561,江西长运,公路铁路运输
600019,宝钢股份,钢铁
600010,包钢股份,钢铁
000708,中信特钢,钢铁
000932,华菱钢铁,钢铁
600282,南钢股份,钢铁
000629,钒钛股份,钢铁
000709,河钢股份,钢铁
002318,久立特材,钢铁
000825,太钢不锈,钢铁
000959,首钢股份,钢铁
600516,方大炭素,钢铁
600295,鄂尔多斯,钢铁
000898,鞍钢股份,钢铁
600808,马钢股份,钢铁
600126,杭钢股份,钢铁
600022,山东钢铁,钢铁
000778,新兴铸管,钢铁
002075,沙钢股份,钢铁
601969,海南矿业,钢铁
601005,重庆钢铁,钢铁
000761,本钢板材,钢铁
600399,抚顺特钢,钢铁
001203,大中矿业,钢铁
600782,新钢股份,钢铁
600307,酒钢宏兴,钢铁
600507,方大特钢,钢铁
000923,河钢资源,钢铁
601686,友发集团,钢铁
002110,三钢闽光,钢铁
600117,西宁特钢,钢铁
601003,柳钢股份,钢铁
603995,甬金股份,钢铁
000717,中南股份,钢铁
600569,安阳钢铁,钢铁
600231,凌钢股份,钢铁
600581,八一钢铁,钢铁
002478,常宝股份,钢铁
000655,金岭矿业,钢铁
688186,广大特材,钢铁
603878,武进不锈,钢铁
002443,金洲管道,钢铁
600382,广东明珠,钢铁
601121,宝地矿业,钢铁
603191,望变电气,钢铁
300881,盛德鑫泰,钢铁
839719,宁新新材,钢铁
000725,京东方A,光学光电子
000100,TCL科技,光学光电子
600703,三安光电,光学光电子
002456,欧菲光,光学光电子
002273,水晶光电,光学光电子
600707,彩虹股份,光学光电子
000050,深天马A,光学光电子
300088,长信科技,光学光电子
002222,福晶科技,光学光电子
300296,利亚德,光学光电子
002387,维信诺,光学光电子
688055,龙腾光电,光学光电子
688538,和辉光电,光学光电子
000727,冠捷科技,光学光电子
000536,华映科技,光学光电子
688322,奥比中光,光学光电子
603515,欧普照明,光学光电子
688127,蓝特光学,光学光电子
600552,凯盛科技,光学光电子
603297,永新光学,光学光电子
002654,万润科技,光学光电子
002036,联创电子,光学光电子
002992,宝明科技,光学光电子
300102,乾照光电,光学光电子
002745,木林森,光学光电子
300303,聚飞光电,光学光电子
605365,立达信,光学光电子
002106,莱宝高科,光学光电子
002217,*ST合泰,光学光电子
002449,国星光电,光学光电子
300489,光智科技,光学光电子
000541,佛山照明,光学光电子
300323,华灿光电,光学光电子
300232,洲明科技,光学光电子
300708,聚灿光电,光学光电子
600071,凤凰光学,光学光电子
605218,伟时电子,光学光电子
603303,得邦照明,光学光电子
300219,鸿利智汇,光学光电子
688195,腾景科技,光学光电子
603773,沃格光电,光学光电子
002765,蓝黛科技,光学光电子
300120,经纬辉开,光学光电子
000045,深纺织A,光学光电子
603703,盛洋科技,光学光电子
688010,福光股份,光学光电子
002955,鸿合科技,光学光电子
300331,苏大维格,光学光电子
688181,八亿时空,光学光电子
600261,阳光照明,光学光电子
300566,激智科技,光学光电子
003019,宸展光电,光学光电子
688299,长阳科技,光学光电子
300939,秋田微,光学光电子
002845,同兴达,光学光电子
002137,实益达,光学光电子
002876,三利谱,光学光电子
002962,五方光电,光学光电子
003015,日久光电,光学光电子
002952,亚世光电,光学光电子
000509,华塑控股,光学光电子
688079,美迪凯,光学光电子
300545,联得装备,光学光电子
688502,茂莱光学,光学光电子
300241,瑞丰光电,光学光电子
002587,奥拓电子,光学光电子
300076,GQY视讯,光学光电子
002724,海洋王,光学光电子
002638,勤上股份,光学光电子
605588,冠石科技,光学光电子
300582,英飞特,光学光电子
300389,艾比森,光学光电子
300909,汇创达,光学光电子
300752,隆利科技,光学光电子
301183,东田微,光学光电子
300162,雷曼光电,光学光电子
002983,芯瑞达,光学光电子
002076,星光股份,光学光电子
300701,森霸传感,光学光电子
300632,光莆股份,光学光电子
001308,康冠科技,光学光电子
300808,久量股份,光学光电子
301421,波长光电,光学光电子
000020,深华发A,光学光电子
002723,小崧股份,光学光电子
603679,华体科技,光学光电子
301321,翰博高新,光学光电子
300269,联建光电,光学光电子
688496,清越科技,光学光电子
300940,南极光,光学光电子
603685,晨丰科技,光学光电子
301379,天山电子,光学光电子
300625,三雄极光,光学光电子
301045,天禄科技,光学光电子
873001,纬达光电,光学光电子
300889,爱克股份,光学光电子
300301,*ST长方,光学光电子
301002,崧盛股份,光学光电子
835438,戈碧迦,光学光电子
301362,民爆光电,光学光电子
873339,恒太照明,光学光电子
001373,翔腾新材,光学光电子
002289,ST宇顺,光学光电子
301106,骏成科技,光学光电子
001326,联域股份,光学光电子
002808,ST恒久,光学光电子
601899,紫金矿业,工业金属
603993,洛阳钼业,工业金属
601600,中国铝业,工业金属
000807,云铝股份,工业金属
600219,南山铝业,工业金属
600362,江西铜业,工业金属
601168,西部矿业,工业金属
000933,神火股份,工业金属
000630,铜陵有色,工业金属
002532,天山铝业,工业金属
600497,驰宏锌锗,工业金属
000878,云南铜业,工业金属
603979,金诚信,工业金属
002203,海亮股份,工业金属
000426,兴业银锡,工业金属
601212,白银有色,工业金属
601702,华峰铝业,工业金属
000060,中金岭南,工业金属
601677,明泰铝业,工业金属
000737,北方铜业,工业金属
000688,国城矿业,工业金属
002171,楚江新材,工业金属
600595,中孚实业,工业金属
601020,华钰矿业,工业金属
002379,宏创控股,工业金属
600888,新疆众和,工业金属
600338,西藏珠峰,工业金属
000758,中色股份,工业金属
601609,金田股份,工业金属
300337,银邦股份,工业金属
603876,鼎胜新材,工业金属
000612,焦作万方,工业金属
000603,盛达资源,工业金属
600531,豫光金铅,工业金属
600490,鹏欣资源,工业金属
600361,创新新材,工业金属
600961,株冶集团,工业金属
002501,利源股份,工业金属
601388,怡球资源,工业金属
002540,亚太科技,工业金属
002988,豪美新材,工业金属
000751,锌业股份,工业金属
300057,万顺新材,工业金属
300697,电工合金,工业金属
603527,众源新材,工业金属
002824,和胜股份,工业金属
002160,常铝股份,工业金属
003038,鑫铂股份,工业金属
002996,顺博合金,工业金属
002578,闽发铝业,工业金属
605208,永茂泰,工业金属
600615,丰华股份,工业金属
603937,丽岛新材,工业金属
002114,罗平锌电,工业金属
603132,金徽股份,工业金属
002295,精艺股份,工业金属
600768,宁波富邦,工业金属
871634,新威凌,工业金属
600388,龙净环保,环保设备
000967,盈峰环境,环保设备
603279,景津装备,环保设备
600817,宇通重工,环保设备
000551,创元科技,环保设备
300862,蓝盾光电,环保设备
301030,仕净科技,环保设备
603324,盛剑科技,环保设备
600526,菲达环保,环保设备
300137,ST先河,环保设备
300631,久吾高科,环保设备
300800,力合科技,环保设备
002658,雪迪龙,环保设备
300786,国林科技,环保设备
688600,皖仪科技,环保设备
688376,美埃科技,环保设备
688501,青达环保,环保设备
301081,严牌股份,环保设备
300385,雪浪环境,环保设备
000890,法尔胜,环保设备
688335,复洁环保,环保设备
688309,恒誉环保,环保设备
000820,神雾节能,环保设备
603282,亚光股份,环保设备
688671,碧兴物联,环保设备
301288,清研环境,环保设备
001336,楚环科技,环保设备
832145,恒合股份,环保设备
832802,保丽洁,环保设备
603568,伟明环保,环境治理
600008,首创环保,环境治理
601158,重庆水务,环境治理
000598,兴蓉环境,环境治理
600323,瀚蓝环境,环境治理
300070,碧水源,环境治理
002266,浙富控股,环境治理
601827,三峰环境,环境治理
300779,惠城环保,环境治理
000035,中国天楹,环境治理
000685,中山公用,环境治理
600461,洪城环境,环境治理
601200,上海环境,环境治理
600292,远达环保,环境治理
000544,中原环保,环境治理
000885,城发环境,环境治理
003039,顺控发展,环境治理
603588,高能环境,环境治理
002310,*ST东园,环境治理
600217,中再资环,环境治理
600874,创业环保,环境治理
002210,飞马国际,环境治理
300355,蒙草生态,环境治理
300197,节能铁汉,环境治理
002034,旺能环境,环境治理
301127,天源环保,环境治理
601330,绿色动力,环境治理
300140,节能环境,环境治理
300815,玉禾田,环境治理
002573,清新环境,环境治理
002717,岭南股份,环境治理
600187,国中水务,环境治理
300388,节能国祯,环境治理
601199,江南水务,环境治理
300056,中创环保,环境治理
603126,中材节能,环境治理
603686,福龙马,环境治理
600283,钱江水利,环境治理
300664,鹏鹞环保,环境治理
600168,武汉控股,环境治理
300266,兴源环境,环境治理
688101,三达膜,环境治理
002549,凯美特气,环境治理
300425,中建环能,环境治理
601368,绿城水务,环境治理
603200,上海洗霸,环境治理
603759,海天股份,环境治理
301259,艾布鲁,环境治理
002672,东江环保,环境治理
600769,祥龙电业,环境治理
300152,新动力,环境治理
000711,*ST京蓝,环境治理
002645,华宏科技,环境治理
000068,华控赛格,环境治理
603315,福鞍股份,环境治理
301068,大地海洋,环境治理
000546,金圆股份,环境治理
301175,中科环保,环境治理
300864,南大环境,环境治理
300187,永清环保,环境治理
688057,金达莱,环境治理
603817,海峡环保,环境治理
000826,启迪环境,环境治理
300190,维尔利,环境治理
300172,中电环保,环境治理
000605,渤海股份,环境治理
300867,圣元环保,环境治理
603359,东珠生态,环境治理
603797,联泰环保,环境治理
000803,山高环能,环境治理
301049,超越科技,环境治理
300422,博世科,环境治理
301305,朗坤环境,环境治理
002778,中晟高科,环境治理
601033,永兴股份,环境治理
300692,中环环保,环境治理
002973,侨银股份,环境治理
301500,飞南资源,环境治理
688480,赛恩斯,环境治理
600796,钱江生化,环境治理
300774,倍杰特,环境治理
688069,德林海,环境治理
688466,金科环境,环境治理
301109,军信股份,环境治理
003027,同兴科技,环境治理
300614,百川畅银,环境治理
301265,华新环保,环境治理
300961,深水海纳,环境治理
603177,德创环保,环境治理
603291,联合水务,环境治理
688679,通源环境,环境治理
603903,中持股份,环境治理
301203,国泰环保,环境治理
300948,冠中生态,环境治理
605081,太和水,环境治理
688096,京源环保,环境治理
002887,绿茵生态,环境治理
688178,万德斯,环境治理
300958,建工修复,环境治理
300929,华骐环保,环境治理
301519,舜禹股份,环境治理
001230,劲旅环境,环境治理
831370,新安洁,环境治理
688565,力源科技,环境治理
688370,丛麟科技,环境治理
300899,上海凯鑫,环境治理
301372,科净源,环境治理
836263,中航泰达,环境治理
688485,九州一轨,环境治理
688701,卓锦股份,环境治理
301148,嘉戎技术,环境治理
300854,中兰环保,环境治理
605069,正和生态,环境治理
603613,国联股份,互联网电商
002024,ST易购,互联网电商
002127,南极电商,互联网电商
002315,焦点科技,互联网电商
002640,跨境通,互联网电商
300592,华凯易佰,互联网电商
300792,壹网壹创,互联网电商
601113,华鼎股份,互联网电商
301381,赛维时代,互联网电商
002803,吉宏股份,互联网电商
003010,若羽臣,互联网电商
605136,丽人丽妆,互联网电商
301110,青木科技,互联网电商
300209,*ST有树,互联网电商
300518,新迅达,互联网电商
301558,三态股份,互联网电商
300464,星徽股份,互联网电商
301001,凯淳股份,互联网电商
600539,狮头股份,互联网电商
600365,ST通葡,互联网电商
600839,四川长虹,黑色家电
002429,兆驰股份,黑色家电
600060,海信视像,黑色家电
000810,创维数字,黑色家电
000801,四川九洲,黑色家电
688696,极米科技,黑色家电
688609,九联科技,黑色家电
002848,高斯贝尔,黑色家电
301578,辰奕智能,黑色家电
002064,华峰化学,化学纤维
601233,桐昆股份,化学纤维
603225,新凤鸣,化学纤维
000420,吉林化纤,化学纤维
600810,神马股份,化学纤维
000936,华西股份,化学纤维
600063,皖维高新,化学纤维
002254,泰和新材,化学纤维
600370,三房巷,化学纤维
600889,南京化纤,化学纤维
000949,新乡化纤,化学纤维
002206,海利得,化学纤维
605166,聚合顺,化学纤维
000677,恒天海龙,化学纤维
836077,吉林碳谷,化学纤维
002427,尤夫股份,化学纤维
300905,宝丽迪,化学纤维
688295,中复神鹰,化学纤维
688722,同益中,化学纤维
000782,恒申新材,化学纤维
603332,苏州龙杰,化学纤维
300876,蒙泰高新,化学纤维
002998,优彩资源,化学纤维
301057,汇隆新材,化学纤维
600989,宝丰能源,化学原料
601216,君正集团,化学原料
002601,龙佰集团,化学原料
000830,鲁西化工,化学原料
000683,远兴能源,化学原料
601568,北元集团,化学原料
002145,中核钛白,化学原料
000818,航锦科技,化学原料
600623,华谊集团,化学原料
600328,中盐化工,化学原料
600409,三友化工,化学原料
002092,ST中泰,化学原料
000990,诚志股份,化学原料
600935,华塑股份,化学原料
603227,雪峰科技,化学原料
603299,苏盐井神,化学原料
600955,维远股份,化学原料
600746,江苏索普,化学原料
600586,金晶科技,化学原料
601678,滨化股份,化学原料
600075,新疆天业,化学原料
600618,氯碱化工,化学原料
002274,华昌化工,化学原料
600929,雪天盐业,化学原料
603067,振华股份,化学原料
301069,凯盛新材,化学原料
002386,天原股份,化学原料
000822,山东海化,化学原料
603113,金能科技,化学原料
002469,三维化学,化学原料
300082,奥克股份,化学原料
001217,华尔泰,化学原料
603938,三孚股份,化学原料
002109,兴化股份,化学原料
603213,镇洋发展,化学原料
600367,红星发展,化学原料
601065,江盐集团,化学原料
000707,双环科技,化学原料
600722,金牛化工,化学原料
600610,中毅达,化学原料
300891,惠云钛业,化学原料
600714,金瑞矿业,化学原料
300927,江天化学,化学原料
000635,英力特,化学原料
600423,柳化股份,化学原料
000545,金浦钛业,化学原料
600844,丹化科技,化学原料
002136,安纳达,化学原料
000510,新金路,化学原料
301118,恒光股份,化学原料
002748,ST世龙,化学原料
600319,亚星化学,化学原料
430489,佳先股份,化学原料
003017,大洋生物,化学原料
301190,善水科技,化学原料
000691,亚太实业,化学原料
301256,华融化学,化学原料
831304,迪尔化工,化学原料
603276,恒兴新材,化学原料
600309,万华化学,化学制品
603260,合盛硅业,化学制品
600160,巨化股份,化学制品
002648,卫星化学,化学制品
600352,浙江龙盛,化学制品
600299,安迪苏,化学制品
600873,梅花生物,化学制品
600378,昊华科技,化学制品
603379,三美股份,化学制品
688065,凯赛生物,化学制品
002430,杭氧股份,化学制品
002683,广东宏大,化学制品
002226,江南化工,化学制品
600500,中化国际,化学制品
603505,金石资源,化学制品
002407,多氟多,化学制品
002597,金禾实业,化学制品
002497,雅化集团,化学制品
300641,正丹股份,化学制品
600273,嘉化能源,化学制品
300741,华宝股份,化学制品
300910,瑞丰新材,化学制品
300821,东岳硅材,化学制品
300072,海新能科,化学制品
603977,国泰集团,化学制品
605020,永和股份,化学制品
300109,新开源,化学制品
002326,永太科技,化学制品
600866,星湖科技,化学制品
688639,华恒生物,化学制品
002827,高争民爆,化学制品
300596,利安隆,化学制品
603181,皇马科技,化学制品
002440,闰土股份,化学制品
300343,联创股份,化学制品
603281,江瀚新材,化学制品
000881,中广核技,化学制品
002096,易普力,化学制品
300067,安诺其,化学制品
002246,北化股份,化学制品
300174,元力股份,化学制品
605016,百龙创园,化学制品
300041,回天新材,化学制品
300019,硅宝科技,化学制品
688625,呈和科技,化学制品
603010,万盛股份,化学制品
603155,新亚强,化学制品
603867,新化股份,化学制品
605077,华康股份,化学制品
688157,松井股份,化学制品
600230,沧州大化,化学制品
301090,华润材料,化学制品
002637,赞宇科技,化学制品
300758,七彩化学,化学制品
003002,壶化股份,化学制品
002810,山东赫达,化学制品
300727,润禾材料,化学制品
300848,美瑞新材,化学制品
688196,卓越新能,化学制品
600727,鲁北化工,化学制品
603722,阿科力,化学制品
603823,百合花,化学制品
688179,阿拉丁,化学制品
002455,百川股份,化学制品
002915,中欣氟材,化学制品
002783,凯龙股份,化学制品
002037,保利联合,化学制品
605399,晨光新材,化学制品
603822,嘉澳环保,化学制品
300200,高盟新材,化学制品
605366,宏柏新材,化学制品
300107,建新股份,化学制品
603217,元利科技,化学制品
688269,凯立新材,化学制品
603980,吉华集团,化学制品
002165,红宝丽,化学制品
688089,嘉必优,化学制品
603916,苏博特,化学制品
300522,世名科技,化学制品
300225,金力泰,化学制品
002453,华软科技,化学制品
603739,蔚蓝生物,化学制品
688133,泰坦科技,化学制品
002971,和远气体,化学制品
002562,兄弟科技,化学制品
603020,爱普股份,化学制品
603110,东方材料,化学制品
603948,建业股份,化学制品
002669,康达新材,化学制品
301216,万凯新材,化学制品
300858,科拓生物,化学制品
301036,双乐股份,化学制品
301206,三元生物,化学制品
688571,杭华股份,化学制品
300798,锦鸡股份,化学制品
002917,金奥博,化学制品
603681,永冠新材,化学制品
688199,久日新材,化学制品
603683,晶华新材,化学制品
300169,天晟新材,化学制品
300214,日科化学,化学制品
000565,渝三峡A,化学制品
603079,圣达生物,化学制品
688398,赛特新材,化学制品
300829,金丹科技,化学制品
002054,德美化工,化学制品
002802,洪汇新材,化学制品
688357,建龙微纳,化学制品
300637,扬帆新材,化学制品
301076,新瀚新材,化学制品
300801,泰和科技,化学制品
603790,雅运股份,化学制品
002319,乐通股份,化学制品
603192,汇得科技,化学制品
301149,隆华新材,化学制品
688129,东来技术,化学制品
603255,鼎际得,化学制品
603188,亚邦股份,化学制品
002666,德联集团,化学制品
603041,美思德,化学制品
603968,醋化股份,化学制品
002909,集泰股份,化学制品
301220,亚香股份,化学制品
300721,怡达股份,化学制品
834261,一诺威,化学制品
300610,晨化股份,化学制品
002360,同德化工,化学制品
300437,清水源,化学制品
834033,康普化学,化学制品
600165,*ST宁科,化学制品
688350,富淼科技,化学制品
002211,宏达新材,化学制品
603051,鹿山新材,化学制品
603065,宿迁联盛,化学制品
301618,长联科技,化学制品
301286,侨源股份,化学制品
603125,常青科技,化学制品
603310,巍华新材,化学制品
001218,丽臣实业,化学制品
301617,博苑股份,化学制品
603004,鼎龙科技,化学制品
300405,科隆股份,化学制品
301283,聚胶股份,化学制品
301077,星华新材,化学制品
603062,麦加芯彩,化学制品
002591,恒大高新,化学制品
002809,红墙股份,化学制品
605566,福莱蒽特,化学制品
688659,元琛科技,化学制品
001358,兴欣新材,化学制品
300535,达威股份,化学制品
300665,飞鹿股份,化学制品
603285,键邦股份,化学制品
301585,蓝宇股份,化学制品
301156,美农生物,化学制品
301518,长华化学,化学制品
830974,凯大催化,化学制品
301100,风光股份,化学制品
603172,万丰股份,化学制品
301209,联合化学,化学制品
836422,润普食品,化学制品
832471,美邦科技,化学制品
301212,联盛化学,化学制品
836419,万德股份,化学制品
301037,保立佳,化学制品
836957,汉维科技,化学制品
871970,大禹生物,化学制品
920016,中草香料,化学制品
600276,恒瑞医药,化学制药
002001,新和成,化学制药
000963,华东医药,化学制药
600196,复星医药,化学制药
002422,科伦药业,化学制药
600079,人福医药,化学制药
002294,信立泰,化学制药
300765,新诺威,化学制药
688578,艾力斯,化学制药
600521,华海药业,化学制药
300558,贝达药业,化学制药
000513,丽珠集团,化学制药
002262,恩华药业,化学制药
603707,健友股份,化学制药
600380,健康元,化学制药
600062,华润双鹤,化学制药
000739,普洛药业,化学制药
688235,百济神州,化学制药
300255,常山药业,化学制药
002653,海思科,化学制药
688506,百利天恒,化学制药
688266,泽璟制药,化学制药
600420,国药现代,化学制药
600216,浙江医药,化学制药
000766,通化金马,化学制药
002399,海普瑞,化学制药
688166,博瑞医药,化学制药
002755,奥赛康,化学制药
688076,诺泰生物,化学制药
600664,哈药股份,化学制药
600267,海正药业,化学制药
002332,仙琚制药,化学制药
300573,兴齐眼药,化学制药
002020,京新药业,化学制药
002675,东诚药业,化学制药
002019,亿帆医药,化学制药
300199,翰宇药业,化学制药
600812,华北制药,化学制药
600789,鲁抗医药,化学制药
002004,华邦健康,化学制药
605116,奥锐特,化学制药
002099,海翔药业,化学制药
688091,上海谊众,化学制药
603229,奥翔药业,化学制药
300401,花园生物,化学制药
688321,微芯生物,化学制药
000597,东北制药,化学制药
301301,川宁生物,化学制药
300723,一品红,化学制药
000756,新华制药,化学制药
300705,九典制药,化学制药
688690,纳微科技,化学制药
000813,德展健康,化学制药
002038,双鹭药业,化学制药
688658,悦康药业,化学制药
600200,江苏吴中,化学制药
000915,华特达因,化学制药
605507,国邦医药,化学制药
603367,辰欣药业,化学制药
002102,能特科技,化学制药
002550,千红制药,化学制药
000566,海南海药,化学制药
688505,复旦张江,化学制药
002437,誉衡药业,化学制药
688192,迪哲医药,化学制药
688513,苑东生物,化学制药
688382,益方生物,化学制药
600624,复旦复华,化学制药
688553,汇宇制药,化学制药
600488,津药药业,化学制药
002393,力生制药,化学制药
300436,广生堂,化学制药
300233,金城医药,化学制药
688566,吉贝尔,化学制药
300158,振东制药,化学制药
300194,福安药业,化学制药
300111,向日葵,化学制药
603676,卫信康,化学制药
600851,海欣股份,化学制药
002793,罗欣药业,化学制药
300110,华仁药业,化学制药
300267,尔康制药,化学制药
301263,泰恩康,化学制药
688799,华纳药厂,化学制药
300006,莱美药业,化学制药
000919,金陵药业,化学制药
000788,北大医药,化学制药
300583,赛托生物,化学制药
830946,森萱医药,化学制药
300497,富祥药业,化学制药
603669,灵康药业,化学制药
603235,天新药业,化学制药
603520,司太立,化学制药
000908,*ST景峰,化学制药
688221,前沿生物,化学制药
000931,中关村,化学制药
300702,天宇股份,化学制药
300204,舒泰神,化学制药
688356,键凯科技,化学制药
300381,溢多利,化学制药
600613,神奇制药,化学制药
603351,威尔药业,化学制药
601089,福元医药,化学制药
300016,北陆药业,化学制药
300636,同和药业,化学制药
688117,圣诺生物,化学制药
600513,联环药业,化学制药
300434,金石亚药,化学制药
000153,丰原药业,化学制药
603538,美诺华,化学制药
301089,拓新药业,化学制药
688176,亚虹医药,化学制药
603811,诚意药业,化学制药
003020,立方制药,化学制药
002923,润都股份,化学制药
002940,昂利康,化学制药
300452,山河药辅,化学制药
301246,宏源药业,化学制药
832735,德源药业,化学制药
688302,海创药业,化学制药
300630,普利制药,化学制药
605177,东亚药业,化学制药
603168,莎普爱思,化学制药
300086,康芝药业,化学制药
002370,亚太药业,化学制药
600774,汉商集团,化学制药
301281,科源制药,化学制药
000953,河化股份,化学制药
300254,仟源医药,化学制药
002365,永安药业,化学制药
000952,广济药业,化学制药
002826,易明医药,化学制药
688189,南新制药,化学制药
688373,盟科药业,化学制药
002742,ST三圣,化学制药
002900,哈三联,化学制药
300584,海辰药业,化学制药
430017,星昊医药,化学制药
688197,首药控股,化学制药
301211,亨迪药业,化学制药
301130,西点药业,化学制药
688247,宣泰医药,化学制药
301075,多瑞医药,化学制药
301507,民生健康,化学制药
301065,本立科技,化学制药
300966,共同药业,化学制药
603207,小方制药,化学制药
301277,新天地,化学制药
832566,梓橦宫,化学制药
002898,赛隆药业,化学制药
002872,ST天圣,化学制药
301258,富士莱,化学制药
001367,海森药业,化学制药
873167,新赣江,化学制药
430478,峆一药业,化学制药
836547,无锡晶海,化学制药
833230,欧康医药,化学制药
870656,海昇药业,化学制药
000938,紫光股份,IT服务
600845,宝信软件,IT服务
301236,软通动力,IT服务
600536,中国软件,IT服务
300339,润和软件,IT服务
000158,常山北明,IT服务
688568,中科星图,IT服务
300017,网宿科技,IT服务
300496,中科创达,IT服务
002195,岩山科技,IT服务
600131,国网信通,IT服务
002065,东华软件,IT服务
000034,神州数码,IT服务
600271,航天信息,IT服务
600446,金证股份,IT服务
300212,易华录,IT服务
688088,虹软科技,IT服务
600850,电科数字,IT服务
002368,太极股份,IT服务
002373,千方科技,IT服务
300674,宇信科技,IT服务
300682,朗新集团,IT服务
688343,云天励飞,IT服务
300170,汉得信息,IT服务
603171,税友股份,IT服务
600718,东软集团,IT服务
300290,荣科科技,IT服务
300168,万达信息,IT服务
000555,神州信息,IT服务
300678,中科信息,IT服务
600728,佳都科技,IT服务
300634,彩讯股份,IT服务
688327,云从科技,IT服务
300166,东方国信,IT服务
002232,启明信息,IT服务
600410,华胜天成,IT服务
600734,实达集团,IT服务
603859,能科科技,IT服务
600797,浙大网新,IT服务
300079,数码视讯,IT服务
002777,久远银海,IT服务
002421,达实智能,IT服务
600589,大位科技,IT服务
002649,博彦科技,IT服务
301316,慧博云通,IT服务
688787,海天瑞声,IT服务
300872,天阳科技,IT服务
002657,中科金财,IT服务
603636,南威软件,IT服务
300687,赛意信息,IT服务
002401,中远海科,IT服务
600571,信雅达,IT服务
688158,优刻得,IT服务
300287,飞利信,IT服务
300532,今天国际,IT服务
300541,先进数通,IT服务
300399,天利科技,IT服务
002642,荣联科技,IT服务
603918,金桥信息,IT服务
300245,天玑科技,IT服务
600756,浪潮软件,IT服务
300231,银信科技,IT服务
300523,辰安科技,IT服务
688365,光云科技,IT服务
300044,赛为智能,IT服务
301085,亚康股份,IT服务
688258,卓易信息,IT服务
600225,*ST卓朗,IT服务
300248,新开普,IT服务
603138,海量数据,IT服务
300288,朗玛信息,IT服务
002609,捷顺科技,IT服务
300277,海联讯,IT服务
000409,云鼎科技,IT服务
300440,运达科技,IT服务
605398,新炬网络,IT服务
300078,思创医惠,IT服务
300448,浩云科技,IT服务
002474,榕基软件,IT服务
002771,真视通,IT服务
300609,汇纳科技,IT服务
688228,开普云,IT服务
688039,当虹科技,IT服务
002331,皖通科技,IT服务
603869,ST智知,IT服务
002908,德生科技,IT服务
688562,航天软件,IT服务
002380,科远智慧,IT服务
688207,格灵深瞳,IT服务
300020,*ST银江,IT服务
688500,慧辰股份,IT服务
300746,汉嘉设计,IT服务
600476,湘邮科技,IT服务
300150,世纪瑞尔,IT服务
300250,初灵信息,IT服务
002197,ST证通,IT服务
839493,并行科技,IT服务
003005,竞业达,IT服务
300264,佳创视讯,IT服务
839790,联迪信息,IT服务
301172,君逸数码,IT服务
688229,博睿数据,IT服务
300300,ST峡创,IT服务
688227,品高股份,IT服务
301248,杰创智能,IT服务
301208,中亦科技,IT服务
301556,托普云农,IT服务
688051,佳华科技,IT服务
300419,ST浩丰,IT服务
835305,云创数据,IT服务
688509,正元地信,IT服务
832171,志晟信息,IT服务
301396,宏景科技,IT服务
300096,ST易联众,IT服务
301218,华是科技,IT服务
301178,天亿马,IT服务
688004,博汇科技,IT服务
688316,青云科技,IT服务
837748,路桥信息,IT服务
873806,云星宇,IT服务
837092,汉鑫科技,IT服务
835184,国源科技,IT服务
300167,*ST迪威,IT服务
833030,立方控股,IT服务
838227,美登科技,IT服务
430564,天润科技,IT服务
601111,中国国航,机场航运
600029,南方航空,机场航运
600115,中国东航,机场航运
600009,上海机场,机场航运
601021,春秋航空,机场航运
600221,海航控股,机场航运
600515,海南机场,机场航运
603885,吉祥航空,机场航运
600004,白云机场,机场航运
000099,中信海直,机场航运
000089,深圳机场,机场航运
002928,华夏航空,机场航运
600897,厦门空港,机场航运
002179,中航光电,军工电子
300114,中航电测,军工电子
300474,景嘉微,军工电子
002465,海格通信,军工电子
002414,高德红外,军工电子
000733,振华科技,军工电子
600562,国睿科技,军工电子
688002,睿创微纳,军工电子
002025,航天电器,军工电子
603712,七一二,军工电子
603678,火炬电子,军工电子
300762,上海瀚讯,军工电子
688375,国博电子,军工电子
300101,振芯科技,军工电子
000547,航天发展,军工电子
002151,北斗星通,军工电子
301050,雷电微力,军工电子
300045,华力创通,军工电子
002338,奥普光电,军工电子
603267,鸿远电子,军工电子
300177,中海达,军工电子
002935,天奥电子,军工电子
002519,银河电子,军工电子
300726,宏达电子,军工电子
688629,华丰科技,军工电子
300252,金信诺,军工电子
600855,航天长峰,军工电子
300123,亚光科技,军工电子
688439,振华风光,军工电子
600990,四创电子,军工电子
002446,盛路通信,军工电子
002413,雷科防务,军工电子
002189,中光学,军工电子
002214,大立科技,军工电子
688311,盟升电子,军工电子
688776,国光电气,军工电子
002383,合众思壮,军工电子
600590,泰豪科技,军工电子
688522,纳睿雷达,军工电子
300629,新劲刚,军工电子
300397,天和防务,军工电子
001270,铖昌科技,军工电子
688788,科思科技,军工电子
688636,智明达,军工电子
300447,全信股份,军工电子
301592,六九一二,军工电子
688682,霍莱沃,军工电子
301517,陕西华达,军工电子
301213,观想科技,军工电子
688084,晶品特装,军工电子
301302,华如科技,军工电子
688132,邦彦技术,军工电子
002977,天箭科技,军工电子
002231,奥维通信,军工电子
688511,天微电子,军工电子
688081,兴图新科,军工电子
688011,新光光电,军工电子
301571,国科天成,军工电子
688552,航天南湖,军工电子
688053,思科瑞,军工电子
688272,富吉瑞,军工电子
688175,高凌信息,军工电子
920008,成电光信,军工电子
600150,中国船舶,军工装备
600760,中航沈飞,军工装备
601989,中国重工,军工装备
600893,航发动力,军工装备
601698,中国卫通,军工装备
002625,光启技术,军工装备
000768,中航西飞,军工装备
600372,中航机载,军工装备
600862,中航高科,军工装备
600118,中国卫星,军工装备
600765,中航重机,军工装备
600879,航天电子,军工装备
300699,光威复材,军工装备
000738,航发控制,军工装备
688122,西部超导,军工装备
600038,中直股份,军工装备
600316,洪都航空,军工装备
600764,中国海防,军工装备
000519,中兵红箭,军工装备
300395,菲利华,军工装备
600685,中船防务,军工装备
002389,航天彩虹,军工装备
600967,内蒙一机,军工装备
600435,北方导航,军工装备
300775,三角防务,军工装备
300777,中简科技,军工装备
300034,钢研高纳,军工装备
688297,中无人机,军工装备
601606,长城军工,军工装备
002265,建设工业,军工装备
300008,天海防务,军工装备
300527,中船应急,军工装备
002023,海特高新,军工装备
688586,江航装备,军工装备
300722,新余国科,军工装备
601890,亚星锚链,军工装备
600391,航发科技,军工装备
605123,派克新材,军工装备
688563,航材股份,军工装备
003009,中天火箭,军工装备
300581,晨曦航空,军工装备
300065,海兰信,军工装备
688239,航宇科技,军工装备
688066,航天宏图,军工装备
000561,烽火电子,军工装备
600184,光电股份,军工装备
002111,威海广泰,军工装备
000697,炼石航空,军工装备
002985,北摩高科,军工装备
688685,迈信林,军工装备
300900,广联航空,军工装备
688281,华秦科技,军工装备
300424,航新科技,军工装备
002651,利君股份,军工装备
688543,国科军工,军工装备
688510,航亚科技,军工装备
002297,博云新材,军工装备
002933,新兴装备,军工装备
300719,安达维尔,军工装备
000576,甘化科工,军工装备
688070,纵横股份,军工装备
300696,爱乐达,军工装备
300589,江龙船艇,军工装备
002829,星网宇达,军工装备
688708,佳驰科技,军工装备
300810,中科海讯,军工装备
688287,ST观典,军工装备
300875,捷强装备,军工装备
300600,ST瑞科,军工装备
688231,隆达股份,军工装备
688523,航天环宇,军工装备
300922,天秦装备,军工装备
301586,佳力奇,军工装备
871642,通易航天,军工装备
688282,*ST导航,军工装备
688237,超卓航科,军工装备
301357,北方长龙,军工装备
837006,晟楠科技,军工装备
603261,立航科技,军工装备
300965,*ST恒宇,军工装备
603195,公牛集团,家居用品
603833,欧派家居,家居用品
603899,晨光股份,家居用品
603816,顾家家居,家居用品
002572,索菲亚,家居用品
301004,嘉益股份,家居用品
301101,明月镜片,家居用品
605099,共创草坪,家居用品
603992,松霖科技,家居用品
003012,东鹏控股,家居用品
603848,好太太,家居用品
603008,喜临门,家居用品
002489,浙江永强,家居用品
002678,珠江钢琴,家居用品
603408,建霖家居,家居用品
603801,志邦家居,家居用品
603615,茶花股份,家居用品
002301,齐心集团,家居用品
603268,松发股份,家居用品
300729,乐歌股份,家居用品
603610,麒盛科技,家居用品
603661,恒林股份,家居用品
000910,大亚圣象,家居用品
603313,梦百合,家居用品
002094,青岛金王,家居用品
301011,华立科技,家居用品
301376,致欧科技,家居用品
002103,广博股份,家居用品
605268,王力安防,家居用品
603600,永艺股份,家居用品
002631,德尔未来,家居用品
002899,英派斯,家居用品
001216,华瓷股份,家居用品
603208,江山欧派,家居用品
605299,舒华体育,家居用品
002162,悦心健康,家居用品
603180,金牌家居,家居用品
605080,浙江自然,家居用品
603898,好莱客,家居用品
001323,慕思股份,家居用品
002862,实丰文化,家居用品
300993,玉马遮阳,家居用品
002348,高乐股份,家居用品
600337,美克家居,家居用品
300703,创源股份,家居用品
301061,匠心家居,家居用品
301055,张小泉,家居用品
002918,蒙娜丽莎,家居用品
603385,惠达卫浴,家居用品
002615,哈尔斯,家居用品
601996,丰林集团,家居用品
600265,景谷林业,家居用品
603221,爱丽家居,家居用品
600599,ST熊猫,家居用品
300616,尚品宅配,家居用品
603326,我乐家居,家居用品
002790,瑞尔特,家居用品
605155,西大门,家居用品
603818,曲美家居,家居用品
603725,天安新材,家居用品
002084,海鸥住工,家居用品
603838,四通股份,家居用品
603226,菲林格尔,家居用品
603389,亚振家居,家居用品
301193,家联科技,家居用品
301336,趣睡科技,家居用品
002853,皮阿诺,家居用品
603021,山东华鹏,家居用品
603709,中源家居,家居用品
001211,双枪科技,家居用品
001322,箭牌家居,家居用品
300329,海伦钢琴,家居用品
300640,德艺文创,家居用品
002571,德力股份,家居用品
002798,帝欧家居,家居用品
001222,源飞宠物,家居用品
003011,海象新材,家居用品
834765,美之高,家居用品
301335,天元宠物,家居用品
301113,雅艺科技,家居用品
300749,顶固集创,家居用品
300163,ST先锋,家居用品
300651,金陵体育,家居用品
603091,众鑫股份,家居用品
301356,天振股份,家居用品
001238,浙江正特,家居用品
001300,三柏硕,家居用品
831445,龙竹科技,家居用品
603216,梦天家居,家居用品
001368,通达创智,家居用品
603272,联翔股份,家居用品
301227,森鹰窗业,家居用品
301287,康力源,家居用品
301588,美新科技,家居用品
873132,泰鹏智能,家居用品
002415,海康威视,计算机设备
603019,中科曙光,计算机设备
000977,浪潮信息,计算机设备
000066,中国长城,计算机设备
002180,纳思达,计算机设备
002236,大华股份,计算机设备
002152,广电运通,计算机设备
600100,同方股份,计算机设备
000997,新大陆,计算机设备
002268,电科网安,计算机设备
872808,曙光数创,计算机设备
688475,萤石网络,计算机设备
603516,淳中科技,计算机设备
300130,新国都,计算机设备
300455,航天智装,计算机设备
603508,思维列控,计算机设备
603496,恒为科技,计算机设备
605118,力鼎光电,计算机设备
300302,同有科技,计算机设备
300333,兆日科技,计算机设备
300324,旋极信息,计算机设备
002577,雷柏科技,计算机设备
300790,宇瞳光学,计算机设备
002970,锐明技术,计算机设备
300847,中船汉光,计算机设备
002512,达华智能,计算机设备
300249,依米康,计算机设备
300042,朗科科技,计算机设备
002376,新北洋,计算机设备
300531,优博讯,计算机设备
300552,万集科技,计算机设备
300386,飞天诚信,计算机设备
300691,联合光电,计算机设备
002869,金溢科技,计算机设备
603106,恒银科技,计算机设备
002912,中新赛克,计算机设备
300941,创识科技,计算机设备
300479,神思电子,计算机设备
603660,苏州科达,计算机设备
301600,慧翰股份,计算机设备
300659,中孚信息,计算机设备
002990,盛视科技,计算机设备
301589,诺瓦星云,计算机设备
300551,古鳌科技,计算机设备
872190,雷神科技,计算机设备
002528,ST英飞拓,计算机设备
001339,智微智能,计算机设备
002835,同为股份,计算机设备
301339,通行宝,计算机设备
300368,ST汇金,计算机设备
300546,雄帝科技,计算机设备
300449,汉邦高科,计算机设备
300884,狄耐克,计算机设备
688060,云涌科技,计算机设备
301330,熵基科技,计算机设备
300588,熙菱信息,计算机设备
300645,正元智慧,计算机设备
300743,天地数码,计算机设备
300771,智莱科技,计算机设备
301391,卡莱特,计算机设备
300270,中威电子,计算机设备
003004,声迅股份,计算机设备
688489,三未信安,计算机设备
301318,维海德,计算机设备
688619,罗普特,计算机设备
688288,鸿泉物联,计算机设备
300155,安居宝,计算机设备
300508,维宏股份,计算机设备
301042,安联锐视,计算机设备
300789,唐源电气,计算机设备
300807,天迈科技,计算机设备
688307,中润光学,计算机设备
301117,佳缘科技,计算机设备
300845,捷安高科,计算机设备
300462,华铭智能,计算机设备
301503,智迪科技,计算机设备
001229,魅视科技,计算机设备
430090,同辉信息,计算机设备
430198,微创光电,计算机设备
836395,朗鸿科技,计算机设备
870976,视声智能,计算机设备
300748,金力永磁,金属新材料
601137,博威合金,金属新材料
000970,中科三环,金属新材料
300811,铂科新材,金属新材料
000969,安泰科技,金属新材料
000795,英洛华,金属新材料
300224,正海磁材,金属新材料
688190,云路股份,金属新材料
600366,宁波韵升,金属新材料
600255,鑫科材料,金属新材料
300855,图南股份,金属新材料
605158,华达新材,金属新材料
300127,银河磁体,金属新材料
688102,斯瑞新材,金属新材料
688456,有研粉材,金属新材料
603978,深圳新星,金属新材料
688786,悦安新材,金属新材料
301522,上大股份,金属新材料
300835,龙磁科技,金属新材料
688077,大地熊,金属新材料
873576,天力复合,金属新材料
300963,中洲特材,金属新材料
301622,英思特,金属新材料
000633,合金投资,金属新材料
603045,福达合金,金属新材料
301141,中科磁业,金属新材料
300930,屹通新材,金属新材料
831152,昆工科技,金属新材料
833751,惠同新材,金属新材料
002607,中公教育,教育
300010,豆神教育,教育
002093,国脉科技,教育
600880,博瑞传播,教育
000526,学大教育,教育
300688,创业黑马,教育
600636,国新文化,教育
605098,行动教育,教育
600730,中国高科,教育
300192,科德教育,教育
300359,全通教育,教育
600661,昂立教育,教育
002659,凯文教育,教育
003032,传智教育,教育
300338,*ST开元,教育
603377,ST东时,教育
600455,博通股份,教育
600585,海螺水泥,建筑材料
000786,北新建材,建筑材料
600176,中国巨石,建筑材料
002271,东方雨虹,建筑材料
002080,中材科技,建筑材料
603737,三棵树,建筑材料
002372,伟星新材,建筑材料
600801,华新水泥,建筑材料
601636,旗滨集团,建筑材料
601992,金隅集团,建筑材料
000935,四川双马,建筑材料
000877,天山股份,建筑材料
000012,南玻A,建筑材料
002233,塔牌集团,建筑材料
002302,西部建设,建筑材料
600326,西藏天路,建筑材料
002043,兔宝宝,建筑材料
000401,冀东水泥,建筑材料
603256,宏和科技,建筑材料
000672,上峰水泥,建筑材料
600449,宁夏建材,建筑材料
002088,鲁阳节能,建筑材料
600425,青松建化,建筑材料
002785,万里石,建筑材料
301526,国际复材,建筑材料
002641,公元股份,建筑材料
603038,华立股份,建筑材料
300737,科顺股份,建筑材料
002225,濮耐股份,建筑材料
600819,耀皮玻璃,建筑材料
002392,北京利尔,建筑材料
000789,万年青,建筑材料
002457,青龙管业,建筑材料
002791,坚朗五金,建筑材料
605006,山东玻纤,建筑材料
300374,中铁装配,建筑材料
002596,海南瑞泽,建筑材料
600293,三峡新材,建筑材料
600668,尖峰集团,建筑材料
603601,再升科技,建筑材料
002201,正威新材,建筑材料
002333,罗普斯金,建筑材料
300986,志特新材,建筑材料
603856,东宏股份,建筑材料
603378,亚士创能,建筑材料
300196,长海股份,建筑材料
000055,方大集团,建筑材料
605318,法狮龙,建筑材料
002694,顾地科技,建筑材料
002398,垒知集团,建筑材料
002613,北玻股份,建筑材料
002671,龙泉股份,建筑材料
001212,中旗新材,建筑材料
300715,凯伦股份,建筑材料
002066,瑞泰科技,建筑材料
600678,四川金顶,建筑材料
301010,晶雪节能,建筑材料
688119,中钢洛耐,建筑材料
000619,海螺新材,建筑材料
300198,纳川股份,建筑材料
605122,四方新材,建筑材料
600802,福建水泥,建筑材料
002247,聚力文化,建筑材料
300234,开尔新材,建筑材料
300599,雄塑科技,建筑材料
002205,国统股份,建筑材料
003037,三和管桩,建筑材料
002652,扬子新材,建筑材料
001296,长江材料,建筑材料
603616,韩建河山,建筑材料
839792,东和新材,建筑材料
002718,友邦吊顶,建筑材料
301429,森泰股份,建筑材料
833580,科创新材,建筑材料
601668,中国建筑,建筑装饰
601390,中国中铁,建筑装饰
601800,中国交建,建筑装饰
601186,中国铁建,建筑装饰
601868,中国能建,建筑装饰
601669,中国电建,建筑装饰
601618,中国中冶,建筑装饰
601117,中国化学,建筑装饰
600039,四川路桥,建筑装饰
601611,中国核建,建筑装饰
600170,上海建工,建筑装饰
600820,隧道股份,建筑装饰
600970,中材国际,建筑装饰
600248,陕建股份,建筑装饰
600667,太极实业,建筑装饰
301091,深城交,建筑装饰
300284,苏交科,建筑装饰
000628,高新发展,建筑装饰
000032,深桑达A,建筑装饰
601068,中铝国际,建筑装饰
002061,浙江交科,建筑装饰
300492,华图山鼎,建筑装饰
600133,东湖高新,建筑装饰
002051,中工国际,建筑装饰
002761,浙江建投,建筑装饰
002081,金螳螂,建筑装饰
000928,中钢国际,建筑装饰
000065,北方国际,建筑装饰
000498,山东路桥,建筑装饰
002541,鸿路钢构,建筑装饰
600629,华建集团,建筑装饰
600502,安徽建工,建筑装饰
002482,广田集团,建筑装饰
601226,华电科工,建筑装饰
002163,海南发展,建筑装饰
002941,新疆交建,建筑装饰
600720,中交设计,建筑装饰
002542,中化岩土,建筑装饰
001267,汇绿生态,建筑装饰
601886,江河集团,建筑装饰
600477,杭萧钢构,建筑装饰
600284,浦东建设,建筑装饰
003013,地铁设计,建筑装饰
600496,精工钢构,建筑装饰
603929,亚翔集成,建筑装饰
600939,重庆建工,建筑装饰
002060,广东建工,建筑装饰
600491,龙元建设,建筑装饰
603018,华设集团,建筑装饰
301058,中粮科工,建筑装饰
002140,东华科技,建筑装饰
603098,森特股份,建筑装饰
002375,亚厦股份,建筑装饰
002062,宏润建设,建筑装饰
603357,设计总院,建筑装饰
605598,上海港湾,建筑装饰
601789,宁波建工,建筑装饰
603007,*ST花王,建筑装饰
300712,永福股份,建筑装饰
002116,中国海诚,建筑装饰
002135,东南网架,建筑装饰
300384,三联虹普,建筑装饰
605167,利柏特,建筑装饰
002047,宝鹰股份,建筑装饰
002307,北新路桥,建筑装饰
600853,龙建股份,建筑装饰
002989,中天精装,建筑装饰
000779,甘咨询,建筑装饰
002431,棕榈股份,建筑装饰
600512,腾达建设,建筑装饰
300982,苏文电能,建筑装饰
603030,全筑股份,建筑装饰
603815,交建股份,建筑装饰
002323,雅博股份,建筑装饰
003001,中岩大地,建筑装饰
002628,成都路桥,建筑装饰
301038,深水规院,建筑装饰
300826,测绘股份,建筑装饰
002743,富煌钢构,建筑装饰
002593,日上集团,建筑装饰
002663,普邦股份,建筑装饰
002949,华阳国际,建筑装饰
603153,上海建科,建筑装饰
603843,正平股份,建筑装饰
605289,罗曼股份,建筑装饰
603955,大千生态,建筑装饰
300989,蕾奥规划,建筑装饰
603909,建发合诚,建筑装饰
301046,能辉科技,建筑装饰
002586,*ST围海,建筑装饰
300778,新城市,建筑装饰
300675,建科院,建筑装饰
603017,中衡设计,建筑装饰
002822,ST中装,建筑装饰
300732,设研院,建筑装饰
002811,郑中设计,建筑装饰
603637,镇海股份,建筑装饰
300983,尤安设计,建筑装饰
300668,杰恩设计,建筑装饰
603860,中公高科,建筑装饰
300621,维业股份,建筑装饰
301027,华蓝集团,建筑装饰
300506,*ST名家,建筑装饰
603458,勘设股份,建筑装饰
300500,启迪设计,建筑装饰
300977,深圳瑞捷,建筑装饰
002713,东易日盛,建筑装饰
601133,柏诚股份,建筑装饰
603828,ST柯利达,建筑装饰
300536,*ST农尚,建筑装饰
002963,豪尔赛,建筑装饰
002775,文科股份,建筑装饰
300949,奥雅股份,建筑装饰
301505,苏州规划,建筑装饰
000010,美丽生态,建筑装饰
300564,筑博设计,建筑装饰
605178,时空科技,建筑装饰
836892,广咨国际,建筑装饰
600234,*ST科新,建筑装饰
600193,创兴资源,建筑装饰
002883,中设股份,建筑装饰
002620,瑞和股份,建筑装饰
603316,诚邦股份,建筑装饰
301136,招标股份,建筑装饰
002789,建艺集团,建筑装饰
605303,园林股份,建筑装饰
605287,德才股份,建筑装饰
300635,中达安,建筑装饰
301098,金埔园林,建筑装饰
002856,美芝股份,建筑装饰
300649,杭州园林,建筑装饰
002200,ST交投,建筑装饰
300517,海波重科,建筑装饰
301390,经纬股份,建筑装饰
920099,瑞华技术,建筑装饰
300029,ST天龙,建筑装饰
603163,圣晖集成,建筑装饰
301167,建研设计,建筑装饰
603388,ST元成,建筑装饰
920019,铜冠矿建,建筑装饰
002830,名雕股份,建筑装饰
300117,*ST嘉寓,建筑装饰
603137,恒尚节能,建筑装饰
300844,山水比德,建筑装饰
301365,矩阵股份,建筑装饰
603176,汇通集团,建筑装饰
835857,百甲科技,建筑装饰
836149,旭杰科技,建筑装饰
833427,华维设计,建筑装饰
833873,中设咨询,建筑装饰
301024,霍普股份,建筑装饰
601888,中国中免,零售
600415,小商品城,零售
601933,永辉超市,零售
000564,供销大集,零售
600655,豫园股份,零售
000785,居然智家,零售
002416,爱施德,零售
600827,百联股份,零售
600859,王府井,零售
301078,孩子王,零售
600185,格力地产,零售
000829,天音控股,零售
000061,农产品,零售
300972,万辰集团,零售
601828,美凯龙,零售
002277,友阿股份,零售
600694,大商股份,零售
000501,武商集团,零售
000058,深赛格,零售
000759,中百集团,零售
600828,茂业商业,零售
600605,汇通能源,零售
603708,家家悦,零售
300755,华致酒行,零售
002419,天虹股份,零售
002697,红旗连锁,零售
300622,博士眼镜,零售
002344,海宁皮城,零售
601116,三江购物,零售
002251,ST步步高,零售
000882,华联股份,零售
600814,杭州解百,零售
600113,浙江东日,零售
600729,重庆百货,零售
000523,红棉股份,零售
600790,轻纺城,零售
600693,东百集团,零售
600628,新世界,零售
601010,文峰股份,零售
000417,合百集团,零售
600824,益民集团,零售
600280,中央商场,零售
600327,大东方,零售
601366,利群股份,零售
002818,富森美,零售
603101,汇嘉时代,零售
600865,百大集团,零售
600239,云南城投,零售
002356,赫美集团,零售
600712,南宁百货,零售
002561,徐家汇,零售
600838,上海九百,零售
002187,广百股份,零售
601086,国芳集团,零售
600738,丽尚国潮,零售
605188,国光连锁,零售
603682,锦和商管,零售
603214,爱婴室,零售
000419,通程控股,零售
002177,御银股份,零售
600785,新华百货,零售
002336,*ST人乐,零售
600858,银座股份,零售
000715,中兴商业,零售
300022,吉峰科技,零售
000056,皇庭国际,零售
600778,友好集团,零售
300947,德必集团,零售
000007,全新好,零售
000679,大连友谊,零售
600857,宁波中百,零售
600697,欧亚集团,零售
600754,锦江酒店,旅游及酒店
300144,宋城演艺,旅游及酒店
600258,首旅酒店,旅游及酒店
603099,长白山,旅游及酒店
600138,中青旅,旅游及酒店
000888,峨眉山A,旅游及酒店
000524,岭南控股,旅游及酒店
605108,同庆楼,旅游及酒店
002707,众信旅游,旅游及酒店
600054,黄山旅游,旅游及酒店
300859,西域旅游,旅游及酒店
000796,凯撒旅业,旅游及酒店
002059,云南旅游,旅游及酒店
002033,丽江股份,旅游及酒店
600593,大连圣亚,旅游及酒店
600576,祥源文旅,旅游及酒店
000721,西安饮食,旅游及酒店
000558,莱茵体育,旅游及酒店
603199,九华旅游,旅游及酒店
002627,三峡旅游,旅游及酒店
002186,全聚德,旅游及酒店
000428,华天酒店,旅游及酒店
603136,天目湖,旅游及酒店
000610,西安旅游,旅游及酒店
600250,南京商旅,旅游及酒店
601007,金陵饭店,旅游及酒店
600749,西藏旅游,旅游及酒店
301073,君亭酒店,旅游及酒店
600706,曲江文旅,旅游及酒店
002306,中科云网,旅游及酒店
002159,三特索道,旅游及酒店
000978,桂林旅游,旅游及酒店
000430,张家界,旅游及酒店
002485,ST雪发,旅游及酒店
300896,爱美客,美容护理
603605,珀莱雅,美容护理
688363,华熙生物,美容护理
300957,贝泰妮,美容护理
603983,丸美生物,美容护理
600315,上海家化,美容护理
002243,力合科创,美容护理
003006,百亚股份,美容护理
832982,锦波生物,美容护理
002511,中顺洁柔,美容护理
300856,科思股份,美容护理
600223,福瑞达,美容护理
300888,稳健医疗,美容护理
605009,豪悦护理,美容护理
300740,水羊股份,美容护理
000615,ST美谷,美容护理
600249,两面针,美容护理
603630,拉芳家化,美容护理
300132,青松股份,美容护理
301059,金三江,美容护理
603193,润本股份,美容护理
603059,倍加洁,美容护理
603238,诺邦股份,美容护理
301371,敷尔佳,美容护理
001206,依依股份,美容护理
300849,锦盛新材,美容护理
301009,可靠股份,美容护理
001328,登康口腔,美容护理
300658,延江股份,美容护理
301108,洁雅股份,美容护理
300955,嘉亨家化,美容护理
300886,华业香料,美容护理
837023,芭薇股份,美容护理
601088,中国神华,煤炭开采加工
601225,陕西煤业,煤炭开采加工
601898,中煤能源,煤炭开采加工
600188,兖矿能源,煤炭开采加工
002128,电投能源,煤炭开采加工
601699,潞安环能,煤炭开采加工
000983,山西焦煤,煤炭开采加工
600985,淮北矿业,煤炭开采加工
600348,华阳股份,煤炭开采加工
601666,平煤股份,煤炭开采加工
600546,山煤国际,煤炭开采加工
601001,晋控煤业,煤炭开采加工
000937,冀中能源,煤炭开采加工
000723,美锦能源,煤炭开采加工
601918,新集能源,煤炭开采加工
600123,兰花科创,煤炭开采加工
601101,昊华能源,煤炭开采加工
600971,恒源煤电,煤炭开采加工
600395,盘江股份,煤炭开采加工
600997,开滦股份,煤炭开采加工
600740,山西焦化,煤炭开采加工
000552,甘肃能化,煤炭开采加工
600508,上海能源,煤炭开采加工
600925,苏能股份,煤炭开采加工
600403,大有能源,煤炭开采加工
601015,陕西黑猫,煤炭开采加工
600726,华电能源,煤炭开采加工
600121,郑州煤电,煤炭开采加工
601011,宝泰隆,煤炭开采加工
600758,辽宁能源,煤炭开采加工
600792,云煤能源,煤炭开采加工
600397,安源煤业,煤炭开采加工
000571,新大洲A,煤炭开采加工
600408,安泰集团,煤炭开采加工
600710,苏美达,贸易
002183,怡亚通,贸易
002091,江苏国泰,贸易
600058,五矿发展,贸易
600278,东方创业,贸易
600981,汇鸿集团,贸易
600725,云维股份,贸易
000151,中成股份,贸易
601061,中信金属,贸易
000701,厦门信达,贸易
000626,远大控股,贸易
600128,苏豪弘业,贸易
600287,ST舜天,贸易
002072,凯瑞德,贸易
600608,ST沪科,贸易
002311,海大集团,农产品加工
000876,新希望,农产品加工
600737,中粮糖业,农产品加工
300999,金龙鱼,农产品加工
002385,大北农,农产品加工
301498,乖宝宠物,农产品加工
000930,中粮科技,农产品加工
002891,中宠股份,农产品加工
002100,天康生物,农产品加工
603609,禾丰股份,农产品加工
600811,东方集团,农产品加工
002567,唐人神,农产品加工
603668,天马科技,农产品加工
002481,双塔食品,农产品加工
600251,冠农股份,农产品加工
603363,*ST傲农,农产品加工
600127,金健米业,农产品加工
000505,京粮控股,农产品加工
300138,晨光生物,农产品加工
002548,金新农,农产品加工
600191,华资实业,农产品加工
300673,佩蒂股份,农产品加工
002286,保龄宝,农产品加工
000019,深粮控股,农产品加工
300175,朗源股份,农产品加工
001338,永顺泰,农产品加工
603336,宏辉果蔬,农产品加工
002852,道道全,农产品加工
000911,广农糖业,农产品加工
000972,中基健康,农产品加工
001313,粤海饲料,农产品加工
000702,正虹科技,农产品加工
603231,索宝蛋白,农产品加工
002696,百洋股份,农产品加工
000638,万方发展,农产品加工
688156,路德环境,农产品加工
832419,路斯股份,农产品加工
003030,祖名股份,农产品加工
832023,田野股份,农产品加工
603182,嘉华股份,农产品加工
300268,ST佳沃,农产品加工
603151,邦基科技,农产品加工
001366,播恩集团,农产品加工
839371,欧福蛋业,农产品加工
000792,盐湖股份,农化制品
600426,华鲁恒升,农化制品
000408,藏格矿业,农化制品
600096,云天化,农化制品
002312,川发龙蟒,农化制品
600141,兴发集团,农化制品
600486,扬农化工,农化制品
603077,和邦生物,农化制品
000893,亚钾国际,农化制品
600331,宏达股份,农化制品
000902,新洋丰,农化制品
000553,安道麦A,农化制品
301035,润丰股份,农化制品
002895,川恒股份,农化制品
000422,湖北宜化,农化制品
600596,新安股份,农化制品
603360,百傲化学,农化制品
603599,广信股份,农化制品
002215,诺普信,农化制品
002545,东方铁塔,农化制品
002588,史丹利,农化制品
002539,云图控股,农化制品
000912,泸天化,农化制品
002258,利尔化学,农化制品
300261,雅本化学,农化制品
002470,金正大,农化制品
600389,江山股份,农化制品
002170,芭田股份,农化制品
002749,国光股份,农化制品
000525,ST红太阳,农化制品
600691,阳煤化工,农化制品
002250,联化科技,农化制品
002538,司尔特,农化制品
833819,颖泰生物,农化制品
603639,海利尔,农化制品
000731,四川美丰,农化制品
600078,澄星股份,农化制品
603970,中农立华,农化制品
300796,贝斯美,农化制品
600731,湖南海利,农化制品
300505,川金诺,农化制品
600227,赤天化,农化制品
600470,六国化工,农化制品
002734,利民股份,农化制品
300387,富邦股份,农化制品
002391,长青股份,农化制品
002496,辉丰股份,农化制品
603585,苏利股份,农化制品
300575,中旗股份,农化制品
603395,红四方,农化制品
002999,天禾股份,农化制品
002942,新农股份,农化制品
603086,先达股份,农化制品
003042,中农联合,农化制品
605033,美邦股份,农化制品
603810,丰山集团,农化制品
002513,蓝丰生化,农化制品
870866,绿亨科技,农化制品
300804,广康生化,农化制品
001231,农心科技,农化制品
603799,华友钴业,能源金属
002466,天齐锂业,能源金属
002460,赣锋锂业,能源金属
002738,中矿资源,能源金属
300390,天华新能,能源金属
600711,ST盛屯,能源金属
002756,永兴材料,能源金属
002240,盛新锂能,能源金属
000762,西藏矿业,能源金属
300618,寒锐钴业,能源金属
002192,融捷股份,能源金属
301219,腾远钴业,能源金属
605376,博迁新材,能源金属
603399,永杉锂业,能源金属
002667,威领股份,能源金属
833914,远航精密,能源金属
603529,爱玛科技,汽车服务及其他
689009,九号公司,汽车服务及其他
603129,春风动力,汽车服务及其他
603766,隆鑫通用,汽车服务及其他
601965,中国汽研,汽车服务及其他
600335,国机汽车,汽车服务及其他
000913,钱江摩托,汽车服务及其他
300825,阿尔特,汽车服务及其他
301215,中汽股份,汽车服务及其他
600679,上海凤凰,汽车服务及其他
600653,申华控股,汽车服务及其他
600822,上海物贸,汽车服务及其他
600386,北巴传媒,汽车服务及其他
603776,永安行,汽车服务及其他
600818,中路股份,汽车服务及其他
603787,新日股份,汽车服务及其他
003033,征和工业,汽车服务及其他
301322,绿通科技,汽车服务及其他
000757,浩物股份,汽车服务及其他
301345,涛涛车业,汽车服务及其他
600099,林海股份,汽车服务及其他
002105,信隆健康,汽车服务及其他
300994,久祺股份,汽车服务及其他
838030,德众汽车,汽车服务及其他
834058,华洋赛车,汽车服务及其他
600660,福耀玻璃,汽车零部件
601689,拓普集团,汽车零部件
000338,潍柴动力,汽车零部件
002920,德赛西威,汽车零部件
600741,华域汽车,汽车零部件
601058,赛轮轮胎,汽车零部件
002085,万丰奥威,汽车零部件
601799,星宇股份,汽车零部件
603596,伯特利,汽车零部件
601966,玲珑轮胎,汽车零部件
603786,科博达,汽车零部件
002472,双环传动,汽车零部件
600699,均胜电子,汽车零部件
603179,新泉股份,汽车零部件
000559,万向钱潮,汽车零部件
300432,富临精工,汽车零部件
688208,道通科技,汽车零部件
000887,中鼎股份,汽车零部件
002984,森麒麟,汽车零部件
002906,华阳集团,汽车零部件
600933,爱柯迪,汽车零部件
000581,威孚高科,汽车零部件
603997,继峰股份,汽车零部件
603730,岱美股份,汽车零部件
002126,银轮股份,汽车零部件
603358,华达科技,汽车零部件
605333,沪光股份,汽车零部件
000981,山子高科,汽车零部件
603009,北特科技,汽车零部件
603305,旭升集团,汽车零部件
601163,三角轮胎,汽车零部件
300580,贝斯特,汽车零部件
300100,双林股份,汽车零部件
603306,华懋科技,汽车零部件
600651,飞乐音响,汽车零部件
600480,凌云股份,汽车零部件
002239,奥特佳,汽车零部件
600609,金杯汽车,汽车零部件
002488,金固股份,汽车零部件
000901,航天科技,汽车零部件
300428,立中集团,汽车零部件
000030,富奥股份,汽车零部件
601500,通用股份,汽车零部件
002434,万里扬,汽车零部件
603197,保隆科技,汽车零部件
603013,亚普股份,汽车零部件
000589,贵州轮胎,汽车零部件
002101,广东鸿图,汽车零部件
603809,豪能股份,汽车零部件
002516,旷达科技,汽车零部件
002997,瑞鹄模具,汽车零部件
300304,云意电气,汽车零部件
002537,海联金汇,汽车零部件
002703,浙江世宝,汽车零部件
002048,宁波华翔,汽车零部件
000700,模塑科技,汽车零部件
000903,云内动力,汽车零部件
605005,合兴股份,汽车零部件
600742,一汽富维,汽车零部件
002190,成飞集成,汽车零部件
603348,文灿股份,汽车零部件
002536,飞龙股份,汽车零部件
601279,英利汽车,汽车零部件
002510,天汽模,汽车零部件
300926,博俊科技,汽车零部件
603950,长源东谷,汽车零部件
300863,卡倍亿,汽车零部件
600081,东风科技,汽车零部件
002662,京威股份,汽车零部件
688533,上声电子,汽车零部件
002284,亚太股份,汽车零部件
301000,肇民科技,汽车零部件
002590,万安科技,汽车零部件
002664,信质集团,汽车零部件
600178,东安动力,汽车零部件
002283,天润工业,汽车零部件
603035,常熟汽饰,汽车零部件
002708,光洋股份,汽车零部件
300507,苏奥传感,汽车零部件
002965,祥鑫科技,汽车零部件
300446,航天智造,汽车零部件
002937,兴瑞科技,汽车零部件
002766,索菱股份,汽车零部件
688612,威迈斯,汽车零部件
600523,贵航股份,汽车零部件
600841,动力新科,汽车零部件
603166,福达股份,汽车零部件
300547,川环科技,汽车零部件
603178,圣龙股份,汽车零部件
603119,浙江荣泰,汽车零部件
002547,春兴精工,汽车零部件
300681,英搏尔,汽车零部件
600469,风神股份,汽车零部件
605319,无锡振华,汽车零部件
605088,冠盛股份,汽车零部件
605133,嵘泰股份,汽车零部件
603319,湘油泵,汽车零部件
605228,神通科技,汽车零部件
605128,上海沿浦,汽车零部件
603922,金鸿顺,汽车零部件
300258,精锻科技,汽车零部件
300680,隆盛科技,汽车零部件
002454,松芝股份,汽车零部件
605018,长华集团,汽车零部件
301550,斯菱股份,汽车零部件
002355,兴民智通,汽车零部件
603158,腾龙股份,汽车零部件
603390,通达电气,汽车零部件
301005,超捷股份,汽车零部件
603085,天成自控,汽车零部件
002406,远东传动,汽车零部件
300473,德尔股份,汽车零部件
600698,湖南天雁,汽车零部件
603767,中马传动,汽车零部件
603121,华培动力,汽车零部件
603701,德宏股份,汽车零部件
603107,上海汽配,汽车零部件
603758,秦安股份,汽车零部件
603109,神驰机电,汽车零部件
000599,青岛双星,汽车零部件
603239,浙江仙通,汽车零部件
603633,徕木股份,汽车零部件
002328,新朋股份,汽车零部件
600218,全柴动力,汽车零部件
300694,蠡湖股份,汽车零部件
300893,松原股份,汽车零部件
002870,香山股份,汽车零部件
002553,南方精工,汽车零部件
603266,天龙股份,汽车零部件
300695,兆丰股份,汽车零部件
600960,渤海汽车,汽车零部件
000678,襄阳轴承,汽车零部件
600626,申达股份,汽车零部件
300237,美晨科技,汽车零部件
603040,新坐标,汽车零部件
603788,宁波高发,汽车零部件
002448,中原内配,汽车零部件
600182,S佳通,汽车零部件
000880,潍柴重机,汽车零部件
301186,超达装备,汽车零部件
603586,金麒麟,汽车零部件
000570,苏常柴A,汽车零部件
603768,常青股份,汽车零部件
300643,万通智控,汽车零部件
002863,今飞凯达,汽车零部件
002363,隆基机械,汽车零部件
301020,密封科技,汽车零部件
300652,雷迪克,汽车零部件
300176,鸿特科技,汽车零部件
300733,西菱动力,汽车零部件
301007,德迈仕,汽车零部件
603037,凯众股份,汽车零部件
603006,联明股份,汽车零部件
301119,正强股份,汽车零部件
600148,长春一东,汽车零部件
603655,朗博科技,汽车零部件
603949,雪龙集团,汽车零部件
300585,奥联电子,汽车零部件
603917,合力科技,汽车零部件
603335,迪生力,汽车零部件
300375,鹏翎股份,汽车零部件
002725,跃岭股份,汽车零部件
300745,欣锐科技,汽车零部件
300707,威唐工业,汽车零部件
605068,明新旭腾,汽车零部件
603982,泉峰汽车,汽车零部件
301221,光庭信息,汽车零部件
603048,浙江黎明,汽车零部件
605151,西上海,汽车零部件
301133,金钟股份,汽车零部件
688667,菱电电控,汽车零部件
603286,日盈电子,汽车零部件
300978,东箭科技,汽车零部件
603926,铁流股份,汽车零部件
688280,精进电动,汽车零部件
603089,正裕工业,汽车零部件
002715,登云股份,汽车零部件
603161,科华控股,汽车零部件
301310,鑫宏业,汽车零部件
002806,华锋股份,汽车零部件
300928,华安鑫创,汽车零部件
300969,恒帅股份,汽车零部件
605255,天普股份,汽车零部件
430418,苏轴股份,汽车零部件
300998,宁波方正,汽车零部件
300611,美力科技,汽车零部件
301631,壹连科技,汽车零部件
001319,铭科精技,汽车零部件
001311,多利科技,汽车零部件
870436,大地电气,汽车零部件
603023,*ST威帝,汽车零部件
002976,瑞玛精密,汽车零部件
301397,溯联股份,汽车零部件
832978,开特股份,汽车零部件
301613,新铝时代,汽车零部件
301488,豪恩汽电,汽车零部件
301298,东利机械,汽车零部件
838837,华原股份,汽车零部件
001380,华纬科技,汽车零部件
301072,中捷精工,汽车零部件
002592,ST八菱,汽车零部件
301529,福赛科技,汽车零部件
688737,中自科技,汽车零部件
002921,联诚精密,汽车零部件
300816,艾可蓝,汽车零部件
301608,博实结,汽车零部件
001282,三联锻造,汽车零部件
301398,星源卓镁,汽车零部件
301022,海泰科,汽车零部件
301229,纽泰格,汽车零部件
603211,晋拓股份,汽车零部件
300912,凯龙高科,汽车零部件
301499,维科精密,汽车零部件
603190,亚通精工,汽车零部件
301607,富特科技,汽车零部件
837242,建邦科技,汽车零部件
836247,华密新材,汽车零部件
832000,安徽凤凰,汽车零部件
301233,盛帮股份,汽车零部件
301192,泰祥股份,汽车零部件
833533,骏创科技,汽车零部件
831278,泰德股份,汽车零部件
836270,天铭科技,汽车零部件
001278,一彬科技,汽车零部件
301181,标榜股份,汽车零部件
301225,恒勃股份,汽车零部件
688021,奥福环保,汽车零部件
301552,科力装备,汽车零部件
301170,锡南科技,汽车零部件
831195,三祥科技,汽车零部件
838171,邦德股份,汽车零部件
833454,同心传动,汽车零部件
301539,宏鑫科技,汽车零部件
920106,林泰新材,汽车零部件
837663,明阳科技,汽车零部件
830896,旺成科技,汽车零部件
839946,华阳变速,汽车零部件
836221,易实精密,汽车零部件
831906,舜宇精工,汽车零部件
001260,坤泰股份,汽车零部件
836871,派特尔,汽车零部件
873690,捷众科技,汽车零部件
301581,黄山谷捷,汽车零部件
002594,比亚迪,汽车整车
600104,上汽集团,汽车整车
601127,赛力斯,汽车整车
601633,长城汽车,汽车整车
000625,长安汽车,汽车整车
600418,江淮汽车,汽车整车
601238,广汽集团,汽车整车
600066,宇通客车,汽车整车
600733,北汽蓝谷,汽车整车
000800,一汽解放,汽车整车
601777,力帆科技,汽车整车
000951,中国重汽,汽车整车
600166,福田汽车,汽车整车
600006,东风股份,汽车整车
301039,中集车辆,汽车整车
000550,江铃汽车,汽车整车
000980,众泰汽车,汽车整车
600686,金龙汽车,汽车整车
000572,海马汽车,汽车整车
000957,中通客车,汽车整车
600375,*ST汉马,汽车整车
000868,安凯客车,汽车整车
600303,ST曙光,汽车整车
601727,上海电气,其他电源设备
600482,中国动力,其他电源设备
600875,东方电气,其他电源设备
002851,麦格米特,其他电源设备
002518,科士达,其他电源设备
002335,科华数据,其他电源设备
300870,欧陆通,其他电源设备
300376,ST易事特,其他电源设备
002534,西子洁能,其他电源设备
300693,盛弘股份,其他电源设备
300820,英杰电气,其他电源设备
002364,中恒电气,其他电源设备
002366,融发核电,其他电源设备
300593,新雷能,其他电源设备
300153,科泰电源,其他电源设备
300105,龙源技术,其他电源设备
600212,绿能慧充,其他电源设备
002255,海陆重工,其他电源设备
002630,华西能源,其他电源设备
002227,奥特迅,其他电源设备
600405,动力源,其他电源设备
300491,通合科技,其他电源设备
688551,科威尔,其他电源设备
688719,爱科赛博,其他电源设备
300713,英可瑞,其他电源设备
301516,中远通,其他电源设备
301157,华塑科技,其他电源设备
832110,雷特科技,其他电源设备
002130,沃尔核材,其他电子
000062,深圳华强,其他电子
300493,润欣科技,其他电子
300475,香农芯创,其他电子
300184,力源信息,其他电子
001287,中电港,其他电子
002859,洁美科技,其他电子
688800,瑞可达,其他电子
300131,英唐智控,其他电子
002922,伊戈尔,其他电子
000670,盈方微,其他电子
002782,可立克,其他电子
600353,旭光电子,其他电子
300516,久之洋,其他电子
300975,商络电子,其他电子
688093,世华科技,其他电子
301031,中熔电气,其他电子
301099,雅创电子,其他电子
002161,远望谷,其他电子
688103,国力股份,其他电子
002885,京泉华,其他电子
603933,睿能科技,其他电子
688662,富信科技,其他电子
300656,民德电子,其他电子
001298,好上好,其他电子
002729,好利科技,其他电子
300991,创益通,其他电子
300650,太龙股份,其他电子
002388,ST新亚,其他电子
301328,维峰电子,其他电子
300736,百邦科技,其他电子
300012,华测检测,其他社会服务
600662,外服控股,其他社会服务
002967,广电计量,其他社会服务
600158,中体产业,其他社会服务
600654,中安科,其他社会服务
600861,北京人力,其他社会服务
600826,兰生股份,其他社会服务
300416,苏试试验,其他社会服务
603060,国检集团,其他社会服务
002057,中钢天源,其他社会服务
300962,中金辐照,其他社会服务
300797,钢研纳克,其他社会服务
300662,科锐国际,其他社会服务
300215,电科院,其他社会服务
300572,安车检测,其他社会服务
300860,锋尚文化,其他社会服务
300938,信测标准,其他社会服务
301169,零点有数,其他社会服务
300887,谱尼测试,其他社会服务
300795,米奥会展,其他社会服务
688334,西高院,其他社会服务
301508,中机认检,其他社会服务
603183,建研院,其他社会服务
002858,力盛体育,其他社会服务
836208,青矩技术,其他社会服务
873122,中纺标,其他社会服务
301306,西测测试,其他社会服务
301115,建科股份,其他社会服务
003008,开普检测,其他社会服务
603373,安邦护卫,其他社会服务
301289,国缆检测,其他社会服务
831039,国义招标,其他社会服务
871753,天纺标,其他社会服务
301228,实朴检测,其他社会服务
688111,金山办公,软件开发
002230,科大讯飞,软件开发
300033,同花顺,软件开发
601360,三六零,软件开发
600570,恒生电子,软件开发
300803,指南针,软件开发
600588,用友网络,软件开发
688318,财富趋势,软件开发
301269,华大九天,软件开发
300085,银之杰,软件开发
002405,四维图新,软件开发
002261,拓维信息,软件开发
300377,赢时胜,软件开发
601519,大智慧,软件开发
002410,广联达,软件开发
688561,奇安信,软件开发
603927,中科软,软件开发
600602,云赛智联,软件开发
300454,深信服,软件开发
300229,拓尔思,软件开发
300253,卫宁健康,软件开发
603039,泛微网络,软件开发
002439,启明星辰,软件开发
002153,石基信息,软件开发
300188,国投智能,软件开发
300624,万兴科技,软件开发
300598,诚迈科技,软件开发
688083,中望软件,软件开发
000503,国新健康,软件开发
002063,远光软件,软件开发
300561,汇金科技,软件开发
300525,博思软件,软件开发
300348,长亮科技,软件开发
300468,四方精创,软件开发
300075,数字政通,软件开发
002987,京北方,软件开发
300465,高伟达,软件开发
300379,东方通,软件开发
603383,顶点软件,软件开发
002212,天融信,软件开发
300663,科蓝软件,软件开发
300925,法本信息,软件开发
300036,超图软件,软件开发
300768,迪普科技,软件开发
300579,数字认证,软件开发
300378,鼎捷数智,软件开发
300226,上海钢联,软件开发
300451,创业慧康,软件开发
688326,经纬恒润,软件开发
300352,北信源,软件开发
300047,天源迪科,软件开发
000948,南天信息,软件开发
300520,科大国创,软件开发
300380,安硕信息,软件开发
688095,福昕软件,软件开发
830799,艾融软件,软件开发
300469,信息发展,软件开发
300369,绿盟科技,软件开发
301095,广立微,软件开发
301153,中科江南,软件开发
300271,华宇软件,软件开发
688588,凌志软件,软件开发
603528,多伦科技,软件开发
688631,莱斯信息,软件开发
688692,达梦数据,软件开发
300766,每日互动,软件开发
300542,新晨科技,软件开发
002279,久其软件,软件开发
688232,新点软件,软件开发
300366,创意信息,软件开发
002362,汉王科技,软件开发
002322,理工能科,软件开发
688590,新致软件,软件开发
688031,星环科技,软件开发
002178,延华智能,软件开发
688023,安恒信息,软件开发
603189,网达软件,软件开发
300550,和仁科技,软件开发
600288,大恒科技,软件开发
688615,合合信息,软件开发
003029,吉大正元,软件开发
688579,山大地纬,软件开发
300559,佳发教育,软件开发
688225,亚信安全,软件开发
688206,概伦电子,软件开发
300311,任子行,软件开发
603990,麦迪科技,软件开发
300996,普联软件,软件开发
603232,格尔软件,软件开发
300608,思特奇,软件开发
300365,恒华科技,软件开发
688168,安博通,软件开发
688030,山石网科,软件开发
002253,川大智胜,软件开发
300344,立方数科,软件开发
301315,威士顿,软件开发
301162,国能日新,软件开发
688201,信安世纪,软件开发
688507,索辰科技,软件开发
301270,汉仪股份,软件开发
300830,金现代,软件开发
688246,嘉和美康,软件开发
837592,华信永道,软件开发
301185,鸥玛软件,软件开发
300730,科创信息,软件开发
688369,致远互联,软件开发
003007,直真科技,软件开发
300235,方直科技,软件开发
688058,宝兰德,软件开发
300074,华平股份,软件开发
688109,品茗科技,软件开发
300556,丝路视觉,软件开发
688118,普元信息,软件开发
688078,龙软科技,软件开发
000004,国华网安,软件开发
688152,麒麟信安,软件开发
834415,恒拓开源,软件开发
301195,北路智控,软件开发
688657,浩辰软件,软件开发
300935,盈建科,软件开发
688435,英方软件,软件开发
688038,中科通达,软件开发
300605,恒锋信息,软件开发
301378,通达海,软件开发
831832,科达自控,软件开发
688244,永信至诚,软件开发
688296,和达科技,软件开发
301337,亚华电子,软件开发
688651,盛邦安全,软件开发
688479,友车科技,软件开发
301159,三维天地,软件开发
835207,众诚科技,软件开发
688171,纬德信息,软件开发
872953,国子软件,软件开发
839680,广道数字,软件开发
688291,金橙子,软件开发
688695,中创股份,软件开发
600803,新奥股份,燃气
601139,深圳燃气,燃气
605090,九丰能源,燃气
002911,佛燃能源,燃气
600635,大众公用,燃气
600917,重庆燃气,燃气
002267,陕天然气,燃气
603053,成都燃气,燃气
600903,贵州燃气,燃气
605368,蓝天燃气,燃气
600617,国新能源,燃气
600681,百川能源,燃气
300332,天壕能源,燃气
300435,中泰股份,燃气
603689,皖天然气,燃气
000421,南京公用,燃气
002700,ST浩源,燃气
603706,东方环宇,燃气
600333,长春燃气,燃气
000407,胜利股份,燃气
603318,水发燃气,燃气
603080,新疆火炬,燃气
000593,德龙汇能,燃气
002259,ST升达,燃气
000669,ST金鸿,燃气
605169,洪通燃气,燃气
831010,凯添燃气,燃气
001299,美能能源,燃气
001331,胜通能源,燃气
000301,东方盛虹,塑料制品
600143,金发科技,塑料制品
605589,圣泉集团,塑料制品
300487,蓝晓科技,塑料制品
300180,华峰超纤,塑料制品
605008,长鸿高科,塑料制品
601208,东材科技,塑料制品
002108,沧州明珠,塑料制品
000973,佛塑科技,塑料制品
002632,道明光学,塑料制品
688087,英科再生,塑料制品
002585,双星新材,塑料制品
688219,会通股份,塑料制品
002263,大东南,塑料制品
002838,道恩股份,塑料制品
002395,双象股份,塑料制品
000859,国风新材,塑料制品
300586,美联新材,塑料制品
300806,斯迪克,塑料制品
605488,福莱新材,塑料制品
002768,国恩股份,塑料制品
603991,至正股份,塑料制品
002361,神剑股份,塑料制品
000920,沃顿科技,塑料制品
600135,乐凯胶片,塑料制品
002886,沃特股份,塑料制品
002522,浙江众成,塑料制品
300218,安利股份,塑料制品
603330,天洋新材,塑料制品
300230,永利股份,塑料制品
300221,银禧科技,塑料制品
688585,上纬新材,塑料制品
688716,中研股份,塑料制品
603580,艾艾精工,塑料制品
603928,兴业股份,塑料制品
688323,瑞华泰,塑料制品
688386,泛亚微透,塑料制品
300980,祥源新材,塑料制品
002825,纳尔股份,塑料制品
301019,宁波色母,塑料制品
300644,南京聚隆,塑料制品
300716,泉为科技,塑料制品
300539,横河精密,塑料制品
300243,瑞丰高材,塑料制品
300538,同益股份,塑料制品
300321,同大股份,塑料制品
688669,聚石化学,塑料制品
300305,裕兴股份,塑料制品
688718,唯赛勃,塑料制品
300334,津膜科技,塑料制品
301003,江苏博云,塑料制品
001378,德冠新材,塑料制品
300717,华信新材,塑料制品
603879,ST永悦,塑料制品
301565,中仑新材,塑料制品
301196,唯科科技,塑料制品
300834,星辉环材,塑料制品
301395,仁信新材,塑料制品
688203,海正生材,塑料制品
300478,杭州高新,塑料制品
301555,惠柏新材,塑料制品
832469,富恒新材,塑料制品
301538,骏鼎达,塑料制品
300920,润阳科技,塑料制品
832089,禾昌聚合,塑料制品
301092,争光股份,塑料制品
300995,奇德新材,塑料制品
301237,和顺科技,塑料制品
301591,肯特股份,塑料制品
301131,聚赛龙,塑料制品
001333,光华股份,塑料制品
001255,博菲电气,塑料制品
920066,科拜尔,塑料制品
920118,太湖远大,塑料制品
603288,海天味业,食品加工制造
000895,双汇发展,食品加工制造
600298,安琪酵母,食品加工制造
603345,安井食品,食品加工制造
600872,中炬高新,食品加工制造
002507,涪陵榨菜,食品加工制造
002847,盐津铺子,食品加工制造
002557,洽洽食品,食品加工制造
603317,天味食品,食品加工制造
300146,汤臣倍健,食品加工制造
603027,千禾味业,食品加工制造
603866,桃李面包,食品加工制造
300783,三只松鼠,食品加工制造
603517,绝味食品,食品加工制造
603043,广州酒家,食品加工制造
002626,金达威,食品加工制造
600186,莲花控股,食品加工制造
600305,恒顺醋业,食品加工制造
002726,龙大美食,食品加工制造
002216,三全食品,食品加工制造
605339,南侨食品,食品加工制造
600073,光明肉业,食品加工制造
002840,华统股份,食品加工制造
603719,良品铺子,食品加工制造
002515,金字火腿,食品加工制造
002650,ST加加,食品加工制造
300791,仙乐健康,食品加工制造
603777,来伊份,食品加工制造
000716,黑芝麻,食品加工制造
300973,立高食品,食品加工制造
002991,甘源食品,食品加工制造
603697,有友食品,食品加工制造
605338,巴比食品,食品加工制造
003000,劲仔食品,食品加工制造
002695,煌上煌,食品加工制造
000639,西王食品,食品加工制造
300908,仲景食品,食品加工制造
002956,西麦食品,食品加工制造
605089,味知香,食品加工制造
000529,广弘控股,食品加工制造
603886,元祖股份,食品加工制造
600530,交大昂立,食品加工制造
002661,克明食品,食品加工制造
001215,千味央厨,食品加工制造
002330,得利斯,食品加工制造
002582,好想你,食品加工制造
603536,惠发食品,食品加工制造
603755,日辰股份,食品加工制造
001219,青岛食品,食品加工制造
002820,桂发祥,食品加工制造
603170,宝立食品,食品加工制造
603237,五芳斋,食品加工制造
600381,ST春天,食品加工制造
002702,海欣食品,食品加工制造
603696,安记食品,食品加工制造
002495,佳隆股份,食品加工制造
605567,春雪食品,食品加工制造
833429,康比特,食品加工制造
301116,益客食品,食品加工制造
603057,紫燕食品,食品加工制造
002719,麦趣尔,食品加工制造
603102,百合股份,食品加工制造
831726,朱老六,食品加工制造
839273,一致魔芋,食品加工制造
836826,盖世食品,食品加工制造
603392,万泰生物,生物制品
002252,上海莱士,生物制品
600161,天坛生物,生物制品
000661,长春高新,生物制品
300122,智飞生物,生物制品
688278,特宝生物,生物制品
002007,华兰生物,生物制品
603087,甘李药业,生物制品
688180,君实生物,生物制品
300142,沃森生物,生物制品
688520,神州细胞,生物制品
600739,辽宁成大,生物制品
600867,通化东宝,生物制品
300601,康泰生物,生物制品
300294,博雅生物,生物制品
000403,派林生物,生物制品
002773,康弘药业,生物制品
688336,三生国健,生物制品
600211,西藏药业,生物制品
300009,安科生物,生物制品
688276,百克生物,生物制品
300357,我武生物,生物制品
688105,诺唯赞,生物制品
688177,百奥泰,生物制品
301047,义翘神州,生物制品
688185,康希诺,生物制品
002693,双成药业,生物制品
300841,康华生物,生物制品
000534,万泽股份,生物制品
002880,卫光生物,生物制品
688331,荣昌生物,生物制品
688739,成大生物,生物制品
300318,博晖创新,生物制品
688136,科兴制药,生物制品
688319,欧林生物,生物制品
002581,未名医药,生物制品
688062,迈威生物,生物制品
301080,百普赛斯,生物制品
688687,凯因科技,生物制品
603590,康辰药业,生物制品
300239,东宝生物,生物制品
688428,诺诚健华,生物制品
688488,艾迪药业,生物制品
833575,康乐卫士,生物制品
688443,智翔金泰,生物制品
000518,四环生物,生物制品
301207,华兰疫苗,生物制品
430047,诺思兰德,生物制品
837344,三元基因,生物制品
300485,赛升药业,生物制品
688670,金迪克,生物制品
301393,昊帆生物,生物制品
301166,优宁维,生物制品
688137,近岸蛋白,生物制品
688163,赛伦生物,生物制品
601857,中国石油,石油加工贸易
600028,中国石化,石油加工贸易
600346,恒力石化,石油加工贸易
002493,荣盛石化,石油加工贸易
000703,恒逸石化,石油加工贸易
600688,上海石化,石油加工贸易
002408,齐翔腾达,石油加工贸易
002221,东华能源,石油加工贸易
000059,华锦股份,石油加工贸易
000096,广聚能源,石油加工贸易
000819,岳阳兴长,石油加工贸易
603223,恒通股份,石油加工贸易
300135,宝利国际,石油加工贸易
002986,宇新股份,石油加工贸易
600800,渤海化学,石油加工贸易
002377,国创高新,石油加工贸易
300055,万邦达,石油加工贸易
600506,统一股份,石油加工贸易
603353,和顺石油,石油加工贸易
000698,沈阳化工,石油加工贸易
002476,宝莫股份,石油加工贸易
000985,大庆华科,石油加工贸易
603798,康普顿,石油加工贸易
000554,泰山石油,石油加工贸易
300839,博汇股份,石油加工贸易
000637,茂化实华,石油加工贸易
600387,*ST海越,石油加工贸易
001316,润贝航科,石油加工贸易
600050,中国联通,通信服务
601728,中国电信,通信服务
600941,中国移动,通信服务
300442,润泽科技,通信服务
300383,光环新网,通信服务
300738,奥飞数据,通信服务
002544,普天科技,通信服务
603881,数据港,通信服务
000839,中信国安,通信服务
603220,中贝通信,通信服务
603887,城地香江,通信服务
300113,顺网科技,通信服务
000815,美利云,通信服务
002123,梦网科技,通信服务
002467,二六三,通信服务
002929,润建股份,通信服务
603322,超讯通信,通信服务
300292,吴通控股,通信服务
300846,首都在线,通信服务
300310,宜通世纪,通信服务
002115,三维通信,通信服务
300895,铜牛信息,通信服务
300025,华星创业,通信服务
300081,恒信东方,通信服务
300603,立昂技术,通信服务
300578,会畅通讯,通信服务
603602,纵横通信,通信服务
301382,蜂助手,通信服务
603559,*ST通脉,通信服务
002148,北纬科技,通信服务
300050,世纪鼎利,通信服务
300560,中富通,通信服务
300513,恒实科技,通信服务
600804,*ST鹏博,通信服务
300959,线上线下,通信服务
300597,吉大通信,通信服务
301428,世纪恒通,通信服务
300921,南凌科技,通信服务
000889,ST中嘉,通信服务
603003,*ST龙宇,通信服务
301139,元道通信,通信服务
301380,挖金客,通信服务
603206,嘉环科技,通信服务
600289,*ST信通,通信服务
838924,广脉科技,通信服务
000063,中兴通讯,通信设备
300308,中际旭创,通信设备
300502,新易盛,通信设备
300394,天孚通信,通信设备
600522,中天科技,通信设备
002281,光迅科技,通信设备
600487,亨通光电,通信设备
300628,亿联网络,通信设备
688027,国盾量子,通信设备
600498,烽火通信,通信设备
300627,华测导航,通信设备
002583,海能达,通信设备
688100,威胜信息,通信设备
603236,移远通信,通信设备
300570,太辰光,通信设备
300913,兆龙互连,通信设备
601869,长飞光纤,通信设备
300620,光库科技,通信设备
600198,大唐电信,通信设备
002396,星网锐捷,通信设备
300638,广和通,通信设备
603083,剑桥科技,通信设备
600776,东方通信,通信设备
300548,博创科技,通信设备
003031,中瓷电子,通信设备
300098,高新兴,通信设备
300134,大富科技,通信设备
688387,信科移动,通信设备
002897,意华股份,通信设备
688313,仕佳光子,通信设备
600105,永鼎股份,通信设备
300563,神宇股份,通信设备
688182,灿勤科技,通信设备
603118,共进股份,通信设备
688668,鼎通科技,通信设备
600775,南京熊猫,通信设备
300183,东软载波,通信设备
002491,通鼎互联,通信设备
688205,德科立,通信设备
002017,东信和平,通信设备
003040,楚天龙,通信设备
300353,东土科技,通信设备
300711,广哈通信,通信设备
002194,武汉凡谷,通信设备
688418,震有科技,通信设备
300590,移为通信,通信设备
301205,联特科技,通信设备
002881,美格智能,通信设备
603421,鼎信通讯,通信设备
000070,ST特信,通信设备
835640,富士达,通信设备
600345,长江通信,通信设备
301165,锐捷网络,通信设备
002792,通宇通讯,通信设备
002902,铭普光磁,通信设备
300213,佳讯飞鸿,通信设备
603803,瑞斯康达,通信设备
300698,万马科技,通信设备
002104,恒宝股份,通信设备
300504,天邑股份,通信设备
002296,辉煌科技,通信设备
000851,ST高鸿,通信设备
002313,日海智能,通信设备
688159,有方科技,通信设备
300565,科信技术,通信设备
002796,世嘉科技,通信设备
300689,澄天伟业,通信设备
300414,中光防雷,通信设备
603042,华脉科技,通信设备
688080,映翰通,通信设备
301191,菲菱科思,通信设备
688618,三旺通信,通信设备
301307,美利信,通信设备
688143,长盈通,通信设备
688283,坤恒顺维,通信设备
000586,汇源通信,通信设备
300205,ST天喻,通信设备
688292,浩瀚深度,通信设备
600355,精伦电子,通信设备
300555,ST路通,通信设备
300710,万隆光电,通信设备
300615,欣天科技,通信设备
301202,朗威股份,通信设备
301419,阿莱德,通信设备
688592,司南导航,通信设备
832149,利尔达,通信设备
872374,云里物里,通信设备
301577,美信科技,通信设备
301314,科瑞思,通信设备
002444,巨星科技,通用设备
001696,宗申动力,通用设备
002131,利欧股份,通用设备
603662,柯力传感,通用设备
000039,中集集团,通用设备
603699,纽威股份,通用设备
300567,精测电子,通用设备
000410,沈阳机床,通用设备
601882,海天精工,通用设备
603100,川仪股份,通用设备
688333,铂力特,通用设备
300083,创世纪,通用设备
600114,东睦股份,通用设备
002158,汉钟精机,通用设备
603277,银都股份,通用设备
603308,应流股份,通用设备
603667,五洲新春,通用设备
000837,秦川机床,通用设备
300257,开山股份,通用设备
000811,冰轮环境,通用设备
301018,申菱环境,通用设备
603915,国茂股份,通用设备
000595,宝塔实业,通用设备
300470,中密控股,通用设备
300145,中金环境,通用设备
002046,国机精工,通用设备
002122,汇洲智能,通用设备
688305,科德数控,通用设备
300203,聚光科技,通用设备
000777,中核科技,通用设备
600343,航天动力,通用设备
002819,东方中科,通用设备
002530,金财互联,通用设备
300718,长盛轴承,通用设备
300861,美畅股份,通用设备
002896,中大力德,通用设备
300007,汉威科技,通用设备
002445,中南文化,通用设备
002843,泰嘉股份,通用设备
002438,江苏神通,通用设备
300263,隆华科技,通用设备
300441,鲍斯股份,通用设备
603969,银龙股份,通用设备
002175,东方智造,通用设备
688697,纽威数控,通用设备
603131,上海沪工,通用设备
300349,金卡智能,通用设备
300161,华中数控,通用设备
605056,咸亨国际,通用设备
002884,凌霄泵业,通用设备
300503,昊志机电,通用设备
600172,黄河旋风,通用设备
603611,诺力股份,通用设备
688433,华曙高科,通用设备
603912,佳力图,通用设备
002559,亚威股份,通用设备
688112,鼎阳科技,通用设备
002150,通润装备,通用设备
605060,联德股份,通用设备
603187,海容冷链,通用设备
002639,雪人股份,通用设备
300370,安控科技,通用设备
000816,智慧农业,通用设备
002514,宝馨科技,通用设备
002026,山东威达,通用设备
600860,京城股份,通用设备
688622,禾信仪器,通用设备
300259,新天科技,通用设备
601002,晋亿实业,通用设备
300179,四方达,通用设备
002272,川润股份,通用设备
300066,三川智慧,通用设备
600592,龙溪股份,通用设备
603339,四方科技,通用设备
688628,优利德,通用设备
603088,宁波精达,通用设备
300193,佳士科技,通用设备
300228,富瑞特装,通用设备
002132,恒星科技,通用设备
300488,恒锋工具,通用设备
002520,日发精机,通用设备
002282,博深股份,通用设备
600992,贵绳股份,通用设备
600558,大西洋,通用设备
300402,宝色股份,通用设备
300420,五洋自控,通用设备
000530,冰山冷热,通用设备
300154,瑞凌股份,通用设备
688665,四方光电,通用设备
002849,威星智能,通用设备
002347,泰尔股份,通用设备
601177,杭齿前进,通用设备
300985,致远新能,通用设备
688360,德马科技,通用设备
603757,大元泵业,通用设备
300990,同飞股份,通用设备
300466,赛摩智能,通用设备
301413,安培龙,通用设备
300720,海川智能,通用设备
301368,丰立智能,通用设备
002342,巨力索具,通用设备
301268,铭利达,通用设备
301525,儒竞科技,通用设备
688028,沃尔德,通用设备
002931,锋龙股份,通用设备
300354,东华测试,通用设备
300557,理工光科,通用设备
688577,浙海德曼,通用设备
688768,容知日新,通用设备
688308,欧科亿,通用设备
300667,必创科技,通用设备
688558,国盛智科,通用设备
002686,亿利达,通用设备
003025,思进智能,通用设备
688059,华锐精密,通用设备
300211,亿通科技,通用设备
300091,金通灵,通用设备
301028,东亚机械,通用设备
002598,山东章鼓,通用设备
300421,力星股份,通用设备
688539,高华科技,通用设备
688337,普源精电,通用设备
603278,大业股份,通用设备
605100,华丰股份,通用设备
603617,君禾股份,通用设备
301160,翔楼新材,通用设备
832491,奥迪威,通用设备
300809,华辰装备,通用设备
002164,宁波东力,通用设备
301070,开勒股份,通用设备
002248,华东数控,通用设备
002943,宇晶股份,通用设备
688257,新锐股份,通用设备
300700,岱勒新材,通用设备
300445,康斯特,通用设备
300606,金太阳,通用设备
603269,海鸥股份,通用设备
300515,三德科技,通用设备
300984,金沃股份,通用设备
300112,万讯自控,通用设备
688355,明志科技,通用设备
300157,新锦动力,通用设备
603700,宁水集团,通用设备
688056,莱伯泰科,通用设备
300992,泰福泵业,通用设备
688557,兰剑智能,通用设备
002877,智能自控,通用设备
300828,锐新科技,通用设备
300306,远方信息,通用设备
300885,海昌新材,通用设备
688211,中科微至,通用设备
002760,凤形股份,通用设备
603331,百达精工,通用设备
688115,思林杰,通用设备
688379,华光新材,通用设备
300554,三超新材,通用设备
301137,哈焊华通,通用设备
002795,永和智控,通用设备
603090,宏盛股份,通用设备
600202,哈空调,通用设备
300817,双飞集团,通用设备
603028,赛福天,通用设备
300943,春晖智控,通用设备
002767,先锋电子,通用设备
002903,宇环数控,通用设备
301261,恒工精密,通用设备
301311,昆船智能,通用设备
600243,青海华鼎,通用设备
300897,山科智能,通用设备
301303,真兰仪表,通用设备
300946,恒而达,通用设备
002058,威尔泰,通用设备
688648,中邮科技,通用设备
301377,鼎泰高科,通用设备
002633,申科股份,通用设备
831961,创远信科,通用设备
300780,德恩精工,通用设备
301032,新柴股份,通用设备
300553,集智股份,通用设备
688528,秦川物联,通用设备
430510,丰光精密,通用设备
600421,华嵘控股,通用设备
688455,科捷智能,通用设备
301596,瑞迪智驱,通用设备
603270,金帝股份,通用设备
301559,中集环科,通用设备
688448,磁谷科技,通用设备
839725,惠丰钻石,通用设备
300371,汇中股份,通用设备
830879,基康仪器,通用设备
873693,阿为特,通用设备
300838,浙江力诺,通用设备
300165,ST天瑞,通用设备
301197,工大科雅,通用设备
301083,百胜智能,通用设备
301528,多浦乐,通用设备
301252,同星科技,通用设备
301006,迈拓股份,通用设备
833509,同惠电子,通用设备
001379,腾达科技,通用设备
603082,北自科技,通用设备
002871,伟隆股份,通用设备
603201,常润股份,通用设备
301272,英华特,通用设备
300126,锐奇股份,通用设备
300417,南华仪器,通用设备
301548,崇德科技,通用设备
301129,瑞纳智能,通用设备
301603,乔锋智能,通用设备
838670,恒进感应,通用设备
301448,开创电气,通用设备
301399,英特科技,通用设备
301255,通力科技,通用设备
301317,鑫磊股份,通用设备
836807,奔朗新材,通用设备
001306,夏厦精密,通用设备
301151,冠龙节能,通用设备
688610,埃科光电,通用设备
688251,井松智能,通用设备
836720,吉冈精密,通用设备
873223,荣亿精密,通用设备
301353,普莱得,通用设备
873169,七丰精工,通用设备
873305,九菱科技,通用设备
833943,优机股份,通用设备
873570,坤博精工,通用设备
301125,腾亚精工,通用设备
301043,绿岛风,通用设备
833455,汇隆活塞,通用设备
831689,克莱特,通用设备
301273,瑞晨环保,通用设备
301309,万得凯,通用设备
430476,海能技术,通用设备
430685,新芝生物,通用设备
301107,瑜欣电子,通用设备
834950,迅安科技,通用设备
832662,方盛股份,通用设备
920082,方正阀门,通用设备
834407,驰诚股份,通用设备
873679,前进科技,通用设备
831855,浙江大农,通用设备
871263,莱赛激光,通用设备
832651,天罡股份,通用设备
873833,美心翼申,通用设备
002027,分众传媒,文化传媒
601928,凤凰传媒,文化传媒
300413,芒果超媒,文化传媒
601098,中南传媒,文化传媒
600637,东方明珠,文化传媒
603000,人民网,文化传媒
601019,山东出版,文化传媒
300058,蓝色光标,文化传媒
600373,中文传媒,文化传媒
600959,江苏有线,文化传媒
300364,中文在线,文化传媒
601858,中国科传,文化传媒
000681,视觉中国,文化传媒
002400,省广集团,文化传媒
601801,皖新传媒,文化传媒
601900,南方传媒,文化传媒
601949,中国出版,文化传媒
601811,新华文轩,文化传媒
000156,华数传媒,文化传媒
603888,新华网,文化传媒
600757,长江传媒,文化传媒
000676,智度股份,文化传媒
600037,歌华有线,文化传媒
600996,贵广网络,文化传媒
000917,电广传媒,文化传媒
600556,天下秀,文化传媒
600640,国脉文化,文化传媒
300770,新媒股份,文化传媒
603533,掌阅科技,文化传媒
002354,天娱数科,文化传媒
301171,易点天下,文化传媒
300061,旗天科技,文化传媒
600986,浙文互联,文化传媒
605168,三人行,文化传媒
000719,中原传媒,文化传媒
600825,新华传媒,文化传媒
002181,粤传媒,文化传媒
002238,天威视讯,文化传媒
605577,龙版传媒,文化传媒
601929,吉视传媒,文化传媒
300788,中信出版,文化传媒
300063,天龙集团,文化传媒
600551,时代出版,文化传媒
002291,遥望科技,文化传媒
603466,风语筑,文化传媒
000793,华闻集团,文化传媒
300781,因赛集团,文化传媒
600936,广西广电,文化传媒
603598,引力传媒,文化传媒
600229,城市传媒,文化传媒
000665,湖北广电,文化传媒
300071,福石控股,文化传媒
002095,生意宝,文化传媒
603230,内蒙新华,文化传媒
300785,值得买,文化传媒
002264,新华都,文化传媒
002878,元隆雅图,文化传媒
603825,华扬联众,文化传媒
603999,读者传媒,文化传媒
601999,出版传媒,文化传媒
300280,紫天科技,文化传媒
300654,世纪天鸿,文化传媒
601921,浙版传媒,文化传媒
300805,电声股份,文化传媒
000607,华媒控股,文化传媒
301262,海看股份,文化传媒
300148,天舟文化,文化传媒
300571,平治信息,文化传媒
603096,新经典,文化传媒
300612,宣亚国际,文化传媒
300295,三六五网,文化传媒
002712,思美传媒,文化传媒
600228,返利科技,文化传媒
300242,佳云科技,文化传媒
301025,读客文化,文化传媒
300987,川网传媒,文化传媒
002995,天地在线,文化传媒
301052,果麦文化,文化传媒
301299,卓创资讯,文化传媒
301551,无线传媒,文化传媒
600831,ST广网,文化传媒
600358,国旅联合,文化传媒
301313,凡拓数创,文化传媒
603729,龙韵股份,文化传媒
834021,流金科技,文化传媒
301102,兆讯传媒,文化传媒
301231,荣信文化,文化传媒
600462,*ST九有,文化传媒
002352,顺丰控股,物流
600233,圆通速递,物流
600153,建发股份,物流
601598,中国外运,物流
600704,物产中大,物流
002120,韵达股份,物流
603871,嘉友国际,物流
000927,中国铁物,物流
601156,东航物流,物流
002468,申通快递,物流
603056,德邦股份,物流
600057,厦门象屿,物流
600755,厦门国贸,物流
600787,中储股份,物流
002010,传化智联,物流
603128,华贸物流,物流
603713,密尔克卫,物流
001391,国货航,物流
603071,物产环能,物流
605050,福然德,物流
000906,浙商中拓,物流
600180,瑞茂通,物流
002930,宏川智慧,物流
603569,长久物流,物流
600794,保税科技,物流
603648,畅联股份,物流
603535,嘉诚国际,物流
603117,万林物流,物流
002889,东方嘉盛,物流
603967,中创物流,物流
600119,长江投资,物流
603066,音飞储存,物流
300873,海晨股份,物流
300350,华鹏飞,物流
603836,海程邦达,物流
300240,飞力达,物流
002682,龙洲股份,物流
002769,普路通,物流
603329,上海雅仕,物流
002492,恒基达鑫,物流
300013,*ST新宁,物流
002800,天顺股份,物流
600753,庚星股份,物流
001202,炬申股份,物流
001317,三羊马,物流
001228,永泰运,物流
603813,原尚股份,物流
872351,华光源海,物流
601138,工业富联,消费电子
002475,立讯精密,消费电子
300433,蓝思科技,消费电子
688036,传音控股,消费电子
002241,歌尔股份,消费电子
002600,领益智造,消费电子
601231,环旭电子,消费电子
000021,深科技,消费电子
300866,安克创新,消费电子
300857,协创数据,消费电子
300115,长盈精密,消费电子
300735,光弘科技,消费电子
600363,联创光电,消费电子
300136,信维通信,消费电子
300679,电连技术,消费电子
002841,视源股份,消费电子
603296,华勤技术,消费电子
002139,拓邦股份,消费电子
002045,国光电器,消费电子
002925,盈趣科技,消费电子
603327,福蓉科技,消费电子
002681,奋达科技,消费电子
002993,奥海科技,消费电子
002426,胜利精密,消费电子
002351,漫步者,消费电子
300602,飞荣达,消费电子
300793,佳禾智能,消费电子
300256,星星科技,消费电子
300968,格林精密,消费电子
688007,光峰科技,消费电子
002635,安洁科技,消费电子
301180,万祥科技,消费电子
300709,精研科技,消费电子
300822,贝仕达克,消费电子
300322,硕贝德,消费电子
002947,恒铭达,消费电子
600203,福日电子,消费电子
603629,利通电子,消费电子
300843,胜蓝股份,消费电子
603890,春秋电子,消费电子
002655,共达电声,消费电子
002855,捷荣技术,消费电子
605277,新亚电子,消费电子
300951,博硕科技,消费电子
002055,得润电子,消费电子
300976,达瑞电子,消费电子
603626,科森科技,消费电子
603595,东尼电子,消费电子
603380,易德龙,消费电子
301383,天键股份,消费电子
002369,卓翼科技,消费电子
300032,金龙机电,消费电子
301051,信濠光电,消费电子
688678,福立旺,消费电子
600130,波导股份,消费电子
301486,致尚科技,消费电子
002866,传艺科技,消费电子
002981,朝阳科技,消费电子
300647,超频三,消费电子
300916,朗特智能,消费电子
001314,亿道信息,消费电子
002660,茂硕电源,消费电子
603341,龙旗科技,消费电子
300543,朗科智能,消费电子
301285,鸿日达,消费电子
300787,海能实业,消费电子
300868,杰美特,消费电子
688210,统联精密,消费电子
002861,瀛通通讯,消费电子
301626,苏州天脉,消费电子
300812,易天股份,消费电子
301067,显盈科技,消费电子
301326,捷邦科技,消费电子
300956,英力股份,消费电子
300686,智动力,消费电子
688260,昀冢科技,消费电子
301086,鸿富瀚,消费电子
301123,奕东电子,消费电子
301387,光大同创,消费电子
301182,凯旺科技,消费电子
603052,可川科技,消费电子
002888,惠威科技,消费电子
301389,隆扬电子,消费电子
301329,信音电子,消费电子
301606,绿联科技,消费电子
871857,泓禧科技,消费电子
301189,奥尼电子,消费电子
300784,利安科技,消费电子
870357,雅葆轩,消费电子
301567,贝隆精密,消费电子
837212,智新电子,消费电子
838701,豪声电子,消费电子
833346,威贸电子,消费电子
832876,慧为智能,消费电子
831167,鑫汇科,消费电子
600898,*ST美讯,消费电子
002032,苏泊尔,小家电
688169,石头科技,小家电
603486,科沃斯,小家电
603868,飞科电器,小家电
603355,莱克电气,小家电
002705,新宝股份,小家电
603219,富佳股份,小家电
002242,九阳股份,小家电
002959,小熊电器,小家电
002403,爱仕达,小家电
300824,北鼎股份,小家电
605555,德昌股份,小家电
002614,奥佳华,小家电
300247,融捷健康,小家电
002005,ST德豪,小家电
300272,开能健康,小家电
301332,德尔玛,小家电
688793,倍轻松,小家电
603579,荣泰健康,小家电
003023,彩虹集团,小家电
301187,欧圣电气,小家电
603215,比依股份,小家电
870199,倍益康,小家电
001259,利仁科技,小家电
870726,鸿智科技,小家电
600111,北方稀土,小金属
601958,金钼股份,小金属
000831,中国稀土,小金属
600549,厦门钨业,小金属
000960,锡业股份,小金属
600392,盛和资源,小金属
600456,宝钛股份,小金属
002428,云南锗业,小金属
000657,中钨高新,小金属
600459,贵研铂业,小金属
600259,广晟有色,小金属
002182,宝武镁业,小金属
002978,安宁股份,小金属
002149,西部材料,小金属
002378,章源钨业,小金属
000962,东方钽业,小金属
603663,三祥新材,小金属
002167,东方锆业,小金属
300328,宜安科技,小金属
600301,华锡有色,小金属
301026,浩通科技,小金属
600281,华阳新材,小金属
688750,金天钛业,小金属
002842,翔鹭钨业,小金属
603650,彤程新材,橡胶制品
603033,三维股份,橡胶制品
002068,黑猫股份,橡胶制品
605183,确成股份,橡胶制品
300121,阳谷华泰,橡胶制品
300320,海达股份,橡胶制品
300587,天铁股份,橡胶制品
001207,联科科技,橡胶制品
002224,三力士,橡胶制品
300731,科创新源,橡胶制品
002442,龙星化工,橡胶制品
301323,新莱福,橡胶制品
300767,震安科技,橡胶制品
002381,双箭股份,橡胶制品
002753,永东股份,橡胶制品
301459,丰茂股份,橡胶制品
301300,远翔新材,橡胶制品
871694,中裕科技,橡胶制品
832225,利通科技,橡胶制品
831834,三维股份,橡胶制品
920098,科隆新材,橡胶制品
873665,科强股份,橡胶制品
002938,鹏鼎控股,元件
002463,沪电股份,元件
300408,三环集团,元件
002916,深南电路,元件
600183,生益科技,元件
002384,东山精密,元件
300476,胜宏科技,元件
688183,生益电子,元件
603228,景旺电子,元件
600563,法拉电子,元件
002138,顺络电子,元件
603920,世运电路,元件
600601,方正科技,元件
002436,兴森科技,元件
000636,风华高科,元件
002484,江海股份,元件
300657,弘信电子,元件
300319,麦捷科技,元件
603328,依顿电子,元件
002815,崇达技术,元件
002913,奥士康,元件
603989,艾华集团,元件
300814,中富电路,元件
603738,泰晶科技,元件
002636,金安国纪,元件
000823,超声电子,元件
603936,博敏电子,元件
300739,明阳电路,元件
688519,南亚新材,元件
002579,中京电子,元件
002134,天津普林,元件
002552,宝鼎科技,元件
600237,铜峰电子,元件
603386,骏亚科技,元件
300852,四会富仕,元件
301566,达利凯普,元件
300460,惠伦晶体,元件
603186,华正新材,元件
605058,澳弘电子,元件
605258,协和电子,元件
300903,科翔股份,元件
301366,一博科技,元件
301251,威尔高,元件
301041,金百泽,元件
300964,本川智能,元件
001389,广合科技,元件
002199,东晶电子,元件
300936,中英科技,元件
837821,则成电子,元件
301282,金禄电子,元件
301628,强达电路,元件
688655,迅捷兴,元件
301132,满坤科技,元件
871981,晶赛科技,元件
301176,逸豪新材,元件
920060,万源通,元件
831641,格利尔,元件
920128,胜业电气,元件
301458,钧崴电子,元件
603259,药明康德,医疗服务
300015,爱尔眼科,医疗服务
300759,康龙化成,医疗服务
300347,泰格医药,医疗服务
002821,凯莱英,医疗服务
600763,通策医疗,医疗服务
002044,美年健康,医疗服务
300676,华大基因,医疗服务
603882,金域医学,医疗服务
603456,九洲药业,医疗服务
000516,国际医学,医疗服务
603127,昭衍新药,医疗服务
002219,新里程,医疗服务
300363,博腾股份,医疗服务
688131,皓元医药,医疗服务
301293,三博脑科,医疗服务
301267,华厦眼科,医疗服务
300143,盈康生命,医疗服务
300244,迪安诊断,医疗服务
300725,药石科技,医疗服务
688315,诺禾致源,医疗服务
688222,成都先导,医疗服务
688621,阳光诺和,医疗服务
688202,美迪西,医疗服务
002173,创新医疗,医疗服务
301060,兰卫医学,医疗服务
300149,睿智医药,医疗服务
301239,普瑞眼科,医疗服务
300683,海特生物,医疗服务
688293,奥浦迈,医疗服务
301333,诺思格,医疗服务
301096,百诚医药,医疗服务
000504,南华生物,医疗服务
000710,贝瑞基因,医疗服务
688046,药康生物,医疗服务
600721,百花医药,医疗服务
300404,博济医药,医疗服务
002172,澳洋健康,医疗服务
688238,和元生物,医疗服务
002622,皓宸医疗,医疗服务
600568,ST中珠,医疗服务
688073,毕得医药,医疗服务
301230,泓博医药,医疗服务
002524,光正眼科,医疗服务
301201,诚达药业,医疗服务
301103,何氏眼科,医疗服务
301509,金凯生科,医疗服务
301257,普蕊斯,医疗服务
688265,南模生物,医疗服务
835670,数字人,医疗服务
301235,华康医疗,医疗服务
688710,益诺思,医疗服务
301520,万邦医药,医疗服务
300760,迈瑞医疗,医疗器械
688271,联影医疗,医疗器械
300832,新产业,医疗器械
688617,惠泰医疗,医疗器械
002223,鱼跃医疗,医疗器械
603658,安图生物,医疗器械
300003,乐普医疗,医疗器械
002432,九安医疗,医疗器械
688050,爱博医疗,医疗器械
600529,山东药玻,医疗器械
300529,健帆生物,医疗器械
688198,佰仁医疗,医疗器械
688016,心脉医疗,医疗器械
688301,奕瑞科技,医疗器械
688289,圣湘生物,医疗器械
300595,欧普康视,医疗器械
300633,开立医疗,医疗器械
688029,南微医学,医疗器械
300677,英科医疗,医疗器械
688366,昊海生科,医疗器械
300298,三诺生物,医疗器械
688139,海尔生物,医疗器械
600587,新华医疗,医疗器械
688114,华大智造,医疗器械
688161,威高骨科,医疗器械
300341,麦克奥迪,医疗器械
600645,中源协和,医疗器械
300685,艾德生物,医疗器械
688575,亚辉龙,医疗器械
002901,大博医疗,医疗器械
600055,万东医疗,医疗器械
002030,达安基因,医疗器械
300171,东富龙,医疗器械
300482,万孚生物,医疗器械
300049,福瑞股份,医疗器械
300463,迈克生物,医疗器械
688389,普门科技,医疗器械
688656,浩欧博,医疗器械
688298,东方生物,医疗器械
603301,振德医疗,医疗器械
300406,九强生物,医疗器械
688068,热景生物,医疗器械
688212,澳华内镜,医疗器械
002382,蓝帆医疗,医疗器械
688085,三友医疗,医疗器械
688606,奥泰生物,医疗器械
688626,翔宇医疗,医疗器械
300326,凯利泰,医疗器械
688075,安旭生物,医疗器械
300981,中红医疗,医疗器械
688277,天智航,医疗器械
300396,迪瑞医疗,医疗器械
603718,海利生物,医疗器械
605369,拱东医疗,医疗器械
688677,海泰新光,医疗器械
603387,基蛋生物,医疗器械
688108,赛诺医疗,医疗器械
300358,楚天科技,医疗器械
002950,奥美医疗,医疗器械
300653,正海生物,医疗器械
300206,理邦仪器,医疗器械
300639,凯普生物,医疗器械
688399,硕世生物,医疗器械
301367,怡和嘉业,医疗器械
603222,济民健康,医疗器械
300869,康泰医学,医疗器械
603309,维力医疗,医疗器械
301188,力诺药包,医疗器械
300942,易瑞生物,医疗器械
301363,美好医疗,医疗器械
688767,博拓生物,医疗器械
002022,科华生物,医疗器械
300238,冠昊生物,医疗器械
301087,可孚医疗,医疗器械
603987,康德莱,医疗器械
688317,之江生物,医疗器械
300439,美康生物,医疗器械
002932,明德生物,医疗器械
688468,科美诊断,医疗器械
600807,济高发展,医疗器械
688358,祥生医疗,医疗器械
688580,伟思医疗,医疗器械
300289,利德曼,医疗器械
300453,三鑫医疗,医疗器械
688410,山外山,医疗器械
002086,东方海洋,医疗器械
688338,赛科希德,医疗器械
688253,英诺特,医疗器械
600538,国发股份,医疗器械
300562,乐心医疗,医疗器械
688613,奥精医疗,医疗器械
603976,正川股份,医疗器械
688581,安杰思,医疗器械
688351,微电生理,医疗器械
301033,迈普医学,医疗器械
688314,康拓医疗,医疗器械
300314,戴维医疗,医疗器械
301093,华兰股份,医疗器械
300642,透景生命,医疗器械
002551,尚荣医疗,医疗器械
688026,洁特生物,医疗器械
002817,黄山胶囊,医疗器械
688393,安必平,医疗器械
688151,华强科技,医疗器械
301290,东星医疗,医疗器械
688576,西山科技,医疗器械
300753,爱朋医疗,医疗器械
300030,阳普医疗,医疗器械
688013,天臣医疗,医疗器械
300246,宝莱特,医疗器械
603880,南卫股份,医疗器械
688607,康众医疗,医疗器械
301580,爱迪特,医疗器械
603205,健尔康,医疗器械
688067,爱威科技,医疗器械
688193,仁度生物,医疗器械
301515,港通医疗,医疗器械
688426,康为世纪,医疗器械
688217,睿昂基因,医疗器械
688236,春立医疗,医疗器械
301122,采纳股份,医疗器械
688273,麦澜德,医疗器械
430300,辰光医疗,医疗器械
301097,天益医疗,医疗器械
872925,锦好医疗,医疗器械
832278,鹿得医疗,医疗器械
301234,五洲医疗,医疗器械
835892,中科美菱,医疗器械
836504,博迅生物,医疗器械
600887,伊利股份,饮料制造
605499,东鹏饮料,饮料制造
600600,青岛啤酒,饮料制造
600132,重庆啤酒,饮料制造
000729,燕京啤酒,饮料制造
603156,养元饮品,饮料制造
002461,珠江啤酒,饮料制造
002568,百润股份,饮料制造
002946,新乳业,饮料制造
600597,光明乳业,饮料制造
000869,张裕A,饮料制造
000848,承德露露,饮料制造
600882,妙可蓝多,饮料制造
605179,一鸣食品,饮料制造
600059,古越龙山,饮料制造
605198,安德利,饮料制造
603711,香飘飘,饮料制造
600429,三元股份,饮料制造
300997,欢乐家,饮料制造
600084,中信尼雅,饮料制造
601579,会稽山,饮料制造
600300,维维股份,饮料制造
605300,佳禾食品,饮料制造
600189,泉阳泉,饮料制造
002570,贝因美,饮料制造
605337,李子园,饮料制造
605388,均瑶健康,饮料制造
600616,金枫酒业,饮料制造
600962,国投中鲁,饮料制造
600238,海南椰岛,饮料制造
600419,天润乳业,饮料制造
300898,熊猫乳品,饮料制造
600573,惠泉啤酒,饮料制造
603779,威龙股份,饮料制造
002329,皇氏集团,饮料制造
002732,燕塘乳业,饮料制造
000752,ST西发,饮料制造
300892,品渥食品,饮料制造
300106,西部牧业,饮料制造
600543,莫高股份,饮料制造
300915,海融科技,饮料制造
000929,兰州黄河,饮料制造
002910,庄园牧场,饮料制造
001318,阳光乳业,饮料制造
832786,骑士乳业,饮料制造
600938,中国海油,油气开采及服务
601808,中海油服,油气开采及服务
600256,广汇能源,油气开采及服务
600968,海油发展,油气开采及服务
600871,石化油服,油气开采及服务
600583,海油工程,油气开采及服务
600339,中油工程,油气开采及服务
600777,ST新潮,油气开采及服务
603393,新天然气,油气开采及服务
600759,洲际油气,油气开采及服务
603619,中曼石油,油气开采及服务
000968,蓝焰控股,油气开采及服务
002554,惠博普,油气开采及服务
603727,博迈科,油气开采及服务
300191,潜能恒信,油气开采及服务
300164,通源石油,油气开采及服务
300483,首华燃气,油气开采及服务
002828,贝肯能源,油气开采及服务
002629,仁智股份,油气开采及服务
002207,准油股份,油气开采及服务
920088,科力股份,油气开采及服务
300251,光线传媒,影视院线
002739,万达电影,影视院线
600977,中国电影,影视院线
300182,捷成股份,影视院线
300133,华策影视,影视院线
601595,上海电影,影视院线
002292,奥飞娱乐,影视院线
603103,横店影视,影视院线
600088,中视传媒,影视院线
001330,博纳影业,影视院线
300027,华谊兄弟,影视院线
600715,*ST文投,影视院线
000802,北京文化,影视院线
300291,百纳千成,影视院线
300426,唐德影视,影视院线
600136,ST明诚,影视院线
603721,中广天择,影视院线
300528,幸福蓝海,影视院线
002343,慈文传媒,影视院线
002905,金逸影视,影视院线
000892,欢瑞世纪,影视院线
300418,昆仑万维,游戏
002602,ST华通,游戏
002517,恺英网络,游戏
002555,三七互娱,游戏
002558,巨人网络,游戏
300002,神州泰岳,游戏
002624,完美世界,游戏
300459,汤姆猫,游戏
603444,吉比特,游戏
300315,掌趣科技,游戏
600633,浙数文化,游戏
002605,姚记科技,游戏
002174,游族网络,游戏
300031,宝通科技,游戏
603258,电魂网络,游戏
300043,星辉娱乐,游戏
300494,盛天网络,游戏
002919,名臣健康,游戏
300052,中青宝,游戏
300299,富春股份,游戏
300533,冰川网络,游戏
300467,迅游科技,游戏
600892,大晟文化,游戏
002425,ST凯文,游戏
601398,工商银行,银行
601288,农业银行,银行
601988,中国银行,银行
600036,招商银行,银行
601166,兴业银行,银行
601658,邮储银行,银行
600000,浦发银行,银行
601328,交通银行,银行
601998,中信银行,银行
000001,平安银行,银行
600919,江苏银行,银行
601818,光大银行,银行
002142,宁波银行,银行
600016,民生银行,银行
601169,北京银行,银行
601229,上海银行,银行
600015,华夏银行,银行
601009,南京银行,银行
601939,建设银行,银行
600926,杭州银行,银行
601825,沪农商行,银行
601838,成都银行,银行
601916,浙商银行,银行
601077,渝农商行,银行
601577,长沙银行,银行
002966,苏州银行,银行
601665,齐鲁银行,银行
601128,常熟银行,银行
601997,贵阳银行,银行
601963,重庆银行,银行
600928,西安银行,银行
002958,青农商行,银行
002936,郑州银行,银行
002948,青岛银行,银行
600908,无锡银行,银行
002807,江阴银行,银行
002839,张家港行,银行
601860,紫金银行,银行
603323,苏农银行,银行
601528,瑞丰银行,银行
601187,厦门银行,银行
001227,兰州银行,银行
601607,上海医药,医药商业
603939,益丰药房,医药商业
600998,九州通,医药商业
600511,国药股份,医药商业
603233,大参林,医药商业
600056,中国医药,医药商业
000028,国药一致,医药商业
301015,百洋医药,医药商业
603883,老百姓,医药商业
603108,润达医疗,医药商业
000950,重药控股,医药商业
603368,柳药集团,医药商业
000078,海王生物,医药商业
002727,一心堂,医药商业
600713,南京医药,医药商业
600829,人民同泰,医药商业
002589,瑞康医药,医药商业
002462,嘉事堂,医药商业
301370,国科恒泰,医药商业
000411,英特集团,医药商业
605266,健之佳,医药商业
002788,鹭燕医药,医药商业
600833,第一医药,医药商业
301017,漱玉平民,医药商业
600272,开开实业,医药商业
000705,浙江震元,医药商业
301408,华人健康,医药商业
300937,药易购,医药商业
301126,达嘉维康,医药商业
603716,塞力医疗,医药商业
603122,合富中国,医药商业
002714,牧原股份,养殖业
300498,温氏股份,养殖业
002157,正邦科技,养殖业
002299,圣农发展,养殖业
605296,神农集团,养殖业
300761,立华股份,养殖业
000048,京基智农,养殖业
603477,巨星农牧,养殖业
600201,生物股份,养殖业
000735,罗牛山,养殖业
002458,益生股份,养殖业
600195,中牧股份,养殖业
688526,科前生物,养殖业
600975,新五丰,养殖业
300119,瑞普生物,养殖业
002124,ST天邦,养殖业
002321,华英农业,养殖业
002746,仙坛股份,养殖业
603566,普莱柯,养殖业
300094,国联水产,养殖业
600965,福成股份,养殖业
600467,好当家,养殖业
002688,金河生物,养殖业
002868,绿康生化,养殖业
002234,民和股份,养殖业
000798,中水渔业,养殖业
002069,獐子岛,养殖业
001201,东瑞股份,养殖业
603717,天域生物,养殖业
600097,开创国际,养殖业
600257,大湖股份,养殖业
688098,申联生物,养殖业
002141,*ST贤丰,养殖业
300871,回盛生物,养殖业
002982,湘佳股份,养殖业
300967,晓鸣股份,养殖业
300313,ST天山,养殖业
838275,驱动力,养殖业
839729,永顺生物,养殖业
300124,汇川技术,自动化设备
000988,华工科技,自动化设备
688777,中控技术,自动化设备
688188,柏楚电子,自动化设备
300757,罗博特科,自动化设备
300024,机器人,自动化设备
002008,大族激光,自动化设备
688017,绿的谐波,自动化设备
603025,大豪科技,自动化设备
002747,埃斯顿,自动化设备
002698,博实股份,自动化设备
603283,赛腾股份,自动化设备
688165,埃夫特,自动化设备
688097,博众精工,自动化设备
301029,怡合达,自动化设备
300747,锐科激光,自动化设备
603583,捷昌驱动,自动化设备
300276,三丰智能,自动化设备
688698,伟创电气,自动化设备
300607,拓斯达,自动化设备
688686,奥普特,自动化设备
688003,天准科技,自动化设备
300278,华昌达,自动化设备
301510,固高科技,自动化设备
688559,海目星,自动化设备
002979,雷赛智能,自动化设备
002957,科瑞技术,自动化设备
603203,快克智能,自动化设备
603416,信捷电气,自动化设备
300048,合康新能,自动化设备
688167,炬光科技,自动化设备
002334,英威腾,自动化设备
688518,联赢激光,自动化设备
603960,克来机电,自动化设备
688400,凌云光,自动化设备
603666,亿嘉和,自动化设备
688160,步科股份,自动化设备
002527,新时达,自动化设备
688025,杰普特,自动化设备
688312,燕麦科技,自动化设备
688320,禾川科技,自动化设备
873593,鼎智科技,自动化设备
300430,诚益通,自动化设备
603015,弘讯科技,自动化设备
300400,劲拓股份,自动化设备
301021,英诺激光,自动化设备
688306,均普智能,自动化设备
300802,矩子科技,自动化设备
688570,天玛智控,自动化设备
300227,光韵达,自动化设备
300484,蓝海华腾,自动化设备
688090,瑞松科技,自动化设备
600215,派斯林,自动化设备
605186,健麾信息,自动化设备
300486,东杰智能,自动化设备
300853,申昊科技,自动化设备
688290,景业智能,自动化设备
000584,*ST工智,自动化设备
688218,江苏北人,自动化设备
002184,海得控制,自动化设备
605288,凯迪股份,自动化设备
002975,博杰股份,自动化设备
301200,大族数控,自动化设备
300220,金运激光,自动化设备
688255,凯尔达,自动化设备
688170,德龙激光,自动化设备
688310,迈得医疗,自动化设备
688646,逸飞激光,自动化设备
301568,思泰克,自动化设备
301360,荣旗科技,自动化设备
300461,田中精机,自动化设备
831305,海希通讯,自动化设备
688395,正弦电气,自动化设备
603275,众辰科技,自动化设备
301199,迈赫股份,自动化设备
300097,ST智云,自动化设备
301312,智立方,自动化设备
301633,港迪技术,自动化设备
832885,星辰科技,自动化设备
688215,瑞晟智能,自动化设备
301320,豪江智能,自动化设备
688623,双元科技,自动化设备
301418,协昌科技,自动化设备
301512,智信精密,自动化设备
301112,信邦智能,自动化设备
688125,安达智能,自动化设备
001266,宏英智能,自动化设备
835579,机科股份,自动化设备
688329,艾隆科技,自动化设备
430425,乐创技术,自动化设备
001223,欧克科技,自动化设备
871396,常辅股份,自动化设备
871478,巨能股份,自动化设备
836260,中寰股份,自动化设备
600089,特变电工,综合
600673,东阳光,综合
600682,南京新百,综合
000631,顺发恒业,综合
000025,特力A,综合
000652,泰达股份,综合
600881,亚泰集团,综合
600770,综艺股份,综合
000833,粤桂股份,综合
600676,交运股份,综合
002052,*ST同洲,综合
002575,群兴玩具,综合
002758,浙农股份,综合
000753,漳州发展,综合
600620,天宸股份,综合
600805,悦达投资,综合
600784,鲁银投资,综合
600051,宁波联合,综合
300208,*ST中程,综合
000632,三木集团,综合
600689,上海三毛,综合
600070,*ST富润,综合
000622,*ST恒立,综合
600083,*ST博信,综合
600030,中信证券,证券
300059,东方财富,证券
601066,中信建投,证券
600999,招商证券,证券
601211,国泰君安,证券
601688,华泰证券,证券
000166,申万宏源,证券
601881,中国银河,证券
600837,海通证券,证券
002736,国信证券,证券
601995,中金公司,证券
000776,广发证券,证券
600958,东方证券,证券
601788,光大证券,证券
601901,方正证券,证券
601878,浙商证券,证券
601377,兴业证券,证券
002945,华林证券,证券
601236,红塔证券,证券
601162,天风证券,证券
601555,东吴证券,证券
601108,财通证券,证券
000783,长江证券,证券
000728,国元证券,证券
601198,东兴证券,证券
002797,第一创业,证券
002673,西部证券,证券
601456,国联证券,证券
601990,南京证券,证券
601696,中银证券,证券
600369,西南证券,证券
601099,太平洋,证券
600909,华安证券,证券
002939,长城证券,证券
600109,国金证券,证券
600918,中泰证券,证券
000750,国海证券,证券
002500,山西证券,证券
002926,华西证券,证券
002670,国盛金控,证券
600095,湘财股份,证券
000686,东北证券,证券
600621,华鑫股份,证券
600155,华创云信,证券
600906,财达证券,证券
600864,哈投股份,证券
601375,中原证券,证券
000712,锦龙股份,证券
601136,首创证券,证券
601059,信达证券,证券
600436,片仔癀,中药
000538,云南白药,中药
000999,华润三九,中药
600085,同仁堂,中药
000423,东阿阿胶,中药
600332,白云山,中药
600518,康美药业,中药
600566,济川药业,中药
002603,以岭药业,中药
600535,天士力,中药
000623,吉林敖东,中药
603858,步长制药,中药
600329,达仁堂,中药
600129,太极集团,中药
600750,江中药业,中药
600285,羚锐制药,中药
600422,昆药集团,中药
002737,葵花药业,中药
600572,康恩贝,中药
002287,奇正藏药,中药
600993,马应龙,中药
603567,珍宝岛,中药
300026,红日药业,中药
300181,佐力药业,中药
600771,广誉远,中药
002317,众生药业,中药
002275,桂林三金,中药
600252,中恒集团,中药
002390,信邦制药,中药
600557,康缘药业,中药
000650,仁和药业,中药
300147,香雪制药,中药
600976,健民集团,中药
002349,精华制药,中药
605199,葫芦娃,中药
300039,上海凯宝,中药
000989,ST九芝,中药
603439,贵州三力,中药
002424,ST百灵,中药
603998,方盛制药,中药
600479,千金药业,中药
600351,亚宝药业,中药
603896,寿仙谷,中药
002907,华森制药,中药
002082,万邦德,中药
002644,佛慈制药,中药
002166,莱茵生物,中药
002198,嘉应制药,中药
002728,特一药业,中药
002412,汉森制药,中药
002107,沃华医药,中药
600222,太龙药业,中药
600080,金花股份,中药
600594,益佰制药,中药
301111,粤万年青,中药
300534,陇神戎发,中药
000790,华神科技,中药
002873,新天药业,中药
300878,维康药业,中药
002864,盘龙药业,中药
300391,长药控股,中药
000590,启迪药业,中药
002566,益盛药业,中药
300519,新光药业,中药
603139,康惠制药,中药
600671,ST目药,中药
836433,大唐药业,中药
300108,*ST吉药,中药
002750,*ST龙津,中药
301331,恩威医药,中药
833266,生物谷,中药
603963,*ST大药,中药
002595,豪迈科技,专用设备
002837,英维克,专用设备
600582,天地科技,专用设备
002353,杰瑞股份,专用设备
601399,国机重装,专用设备
601106,中国一重,专用设备
601717,郑煤机,专用设备
601608,中信重工,专用设备
600499,科达制造,专用设备
601369,陕鼓动力,专用设备
600835,上海机电,专用设备
603337,杰克股份,专用设备
600320,振华重工,专用设备
688001,华兴源创,专用设备
688789,宏华数科,专用设备
600894,广日股份,专用设备
601038,一拖股份,专用设备
688596,正帆科技,专用设备
002031,巨轮智能,专用设备
002611,东方精工,专用设备
002204,大连重工,专用设备
300415,伊之密,专用设备
688700,东威科技,专用设备
688128,中国电研,专用设备
002073,软控股份,专用设备
600169,太原重工,专用设备
603698,航天工程,专用设备
002779,中坚科技,专用设备
688630,芯碁微装,专用设备
002006,精工科技,专用设备
600501,航天晨光,专用设备
002960,青鸟消防,专用设备
603169,兰石重装,专用设备
300382,斯莱克,专用设备
603855,华荣股份,专用设备
300293,蓝英装备,专用设备
002690,美亚光电,专用设备
600843,上工申贝,专用设备
300151,昌红科技,专用设备
300307,慈星股份,专用设备
002526,山东矿机,专用设备
002009,天奇股份,专用设备
000852,石化机械,专用设备
300499,高澜股份,专用设备
600579,克劳斯,专用设备
688627,精智达,专用设备
300201,海伦哲,专用设备
603800,洪田股份,专用设备
605286,同力日升,专用设备
300210,森远股份,专用设备
600520,文一科技,专用设备
688378,奥来德,专用设备
688383,新益昌,专用设备
002483,润邦股份,专用设备
002786,银宝山新,专用设备
603081,大丰实业,专用设备
002523,天桥起重,专用设备
002730,电光科技,专用设备
002757,南兴股份,专用设备
300411,金盾股份,专用设备
600545,卓郎智能,专用设备
300159,新研股份,专用设备
002833,弘亚数控,专用设备
603095,越剑智能,专用设备
688633,星球石墨,专用设备
002564,*ST天沃,专用设备
300669,沪宁股份,专用设备
300275,梅安森,专用设备
002689,远大智能,专用设备
688377,迪威尔,专用设备
002367,康力电梯,专用设备
603901,永创智能,专用设备
300833,浩洋股份,专用设备
688531,日联科技,专用设备
603036,如通股份,专用设备
300540,蜀道装备,专用设备
300099,尤洛卡,专用设备
603012,创力集团,专用设备
603011,合锻智能,专用设备
603656,泰禾智能,专用设备
300471,厚普股份,专用设备
600560,金自天正,专用设备
300480,光力科技,专用设备
300879,大叶股份,专用设备
600262,北方股份,专用设备
300004,南风股份,专用设备
002021,中捷资源,专用设备
300521,爱司凯,专用设备
002337,赛象科技,专用设备
300902,国安达,专用设备
002535,林州重机,专用设备
301260,格力博,专用设备
603966,法兰泰克,专用设备
601798,蓝科高新,专用设备
603076,乐惠国际,专用设备
300818,耐普矿机,专用设备
600980,北矿科技,专用设备
688529,豪森智能,专用设备
603956,威派格,专用设备
003036,泰坦股份,专用设备
605259,绿田机械,专用设备
002722,物产金轮,专用设备
300092,科新机电,专用设备
603289,泰瑞机器,专用设备
300095,华伍股份,专用设备
688071,华依科技,专用设备
001288,运机集团,专用设备
603488,展鹏科技,专用设备
300512,中亚股份,专用设备
301013,利和兴,专用设备
603135,中重科技,专用设备
300281,金明精机,专用设备
603895,天永智能,专用设备
300412,迦南科技,专用设备
301056,森赫股份,专用设备
600444,国机通用,专用设备
603321,梅轮电梯,专用设备
603159,上海亚虹,专用设备
603029,天鹅股份,专用设备
002529,海源复材,专用设备
603789,星光农机,专用设备
300103,达刚控股,专用设备
300988,津荣天宇,专用设备
300756,金马游乐,专用设备
002774,快意电梯,专用设备
688022,瀚川智能,专用设备
600232,金鹰股份,专用设备
300084,海默科技,专用设备
301138,华研精机,专用设备
688113,联测科技,专用设备
300836,佰奥智能,专用设备
300195,长荣股份,专用设备
002278,神开股份,专用设备
002691,冀凯股份,专用设备
688092,爱科科技,专用设备
300472,新元科技,专用设备
300549,优德精密,专用设备
301128,强瑞技术,专用设备
688162,巨一科技,专用设备
600302,标准股份,专用设备
300509,新美星,专用设备
603356,华菱精工,专用设备
300865,大宏立,专用设备
002890,弘宇股份,专用设备
000856,冀东装备,专用设备
301468,博盈特焊,专用设备
301053,远信工业,专用设备
688121,卓然股份,专用设备
002816,和科达,专用设备
300950,德固特,专用设备
002209,达意隆,专用设备
300837,浙矿股份,专用设备
688328,深科达,专用设备
301392,汇成真空,专用设备
002490,ST墨龙,专用设备
301063,海锅股份,专用设备
300971,博亚精工,专用设备
300813,泰林生物,专用设备
603325,博隆技术,专用设备
300931,通用电梯,专用设备
603173,福斯达,专用设备
301158,德石股份,专用设备
301338,凯格精机,专用设备
001360,南矿集团,专用设备
301598,博科测试,专用设备
300823,建科智能,专用设备
001332,锡装股份,专用设备
603391,力聚热能,专用设备
301533,威马农机,专用设备
688420,美腾科技,专用设备
833781,瑞奇智造,专用设备
001277,速达股份,专用设备
001225,和泰机电,专用设备
833284,灵鸽科技,专用设备
001256,炜冈科技,专用设备
834475,三友科技,专用设备
871553,凯腾精工,专用设备
873703,广厦环能,专用设备
836961,西磁科技,专用设备
870508,丰安股份,专用设备
301105,鸿铭股份,专用设备
834014,特瑞斯,专用设备
831856,浩淼科技,专用设备
838810,春光药装,专用设备
873726,卓兆点胶,专用设备
872895,花溪科技,专用设备
836717,瑞星股份,专用设备
872931,无锡鼎邦,专用设备
002078,太阳纸业,造纸
603733,仙鹤股份,造纸
600567,山鹰国际,造纸
600963,岳阳林纸,造纸
600966,博汇纸业,造纸
605377,华旺科技,造纸
600103,青山纸业,造纸
600433,冠豪高新,造纸
600308,华泰股份,造纸
605007,五洲特纸,造纸
000488,晨鸣纸业,造纸
002067,景兴纸业,造纸
600793,宜宾纸业,造纸
603863,松炀资源,造纸
002521,齐峰新材,造纸
603165,荣晟环保,造纸
002235,安妮股份,造纸
605500,森林包装,造纸
002012,凯恩股份,造纸
600356,恒丰纸业,造纸
600235,民丰特纸,造纸
833394,民士达,造纸
301469,恒达新材,造纸
600598,北大荒,种植业与林业
601118,海南橡胶,种植业与林业
000998,隆平高科,种植业与林业
601952,苏垦农发,种植业与林业
300087,荃银高科,种植业与林业
002041,登海种业,种植业与林业
600313,农发种业,种植业与林业
600108,亚盛集团,种植业与林业
002556,辉隆股份,种植业与林业
000592,平潭发展,种植业与林业
000713,丰乐种业,种植业与林业
300189,神农种业,种植业与林业
600354,敦煌种业,种植业与林业
300021,大禹节水,种植业与林业
002772,众兴菌业,种植业与林业
600371,万向德农,种植业与林业
600359,新农开发,种植业与林业
600540,新赛股份,种植业与林业
002679,福建金森,种植业与林业
831087,秋乐种业,种植业与林业
000663,永安林业,种植业与林业
600883,博闻科技,种植业与林业
300511,雪榕生物,种植业与林业
830964,润农节水,种植业与林业
300970,华绿生物,种植业与林业
837403,康农种业,种植业与林业
